eps_axial,mcc_p,mcc_q,mcc_eps_v,mcc_eta,mcc_V,mcc_radial_stress_error,mcc_newton_iterations,mcc_residual_norm,evp_p,evp_q,evp_eps_v,evp_eta,evp_V,evp_radial_stress_error,evp_newton_iterations,evp_residual_norm,norsand_p,norsand_q,norsand_eps_v,norsand_eta,norsand_V,norsand_radial_stress_error,norsand_newton_iterations,norsand_residual_norm
0.0,100.0,0.0,0.0,0.0,1.75,0.0,0.0,0.0,100.0,0.0,0.0,0.0,1.75,0.0,0.0,0.0,100.0,0.0,0.0,0.0,1.75,0.0,0.0,0.0
0.0025,129.27385133758253,87.82155401274755,0.0015,0.6793450733003423,1.747376640078228,0.0,1.0,0.0,129.9916335549893,89.97490066496786,0.0015,0.6921591659736048,1.7473769023291106,0.0,1.0,0.0,129.9769747658104,89.93092429743129,0.0015,0.6918988879335498,1.7473766400782274,0.0,1.0,0.0
0.005,167.05432914119964,201.16298742359896,0.003,1.20417703903722,1.7447572127377582,0.0,1.0,0.0,168.9117846869295,206.73535406078855,0.003,1.2239249880874998,1.7447577340462432,0.0,1.0,0.0,168.9401396927212,206.82041907816364,0.003,1.2242230854925387,1.7447572127377575,0.0,1.0,0.0
0.0075,204.81107598829996,314.43322820423106,0.003996431174363351,1.5352354685260936,1.7430194154855128,7.977706673045759e-08,10.0,4.153044246235571e-10,204.94962484004222,314.8657893769661,0.0038787715335615314,1.536308200723522,1.7432251419763607,0.005638285613173366,7.0,2.8912818057222247e-05,204.79960432790244,314.38903234573246,0.0037797292769440284,1.5351056628135256,1.7433972204899963,0.003260212658290129,7.0,1.671436814008142e-05
0.01,202.06729411631582,306.2020504031295,0.0030723220190247424,1.515346913226198,1.7446307937541454,5.601806067545567e-05,9.0,2.2125674957650417e-07,202.2106081854068,306.7681709644834,0.002953894116937898,1.51707258940247,1.7448381541222096,0.04544880275435048,7.0,0.0001573211825442458,202.6844215286817,307.9016435521777,0.0027568591353325372,1.519118446449555,1.745181287678907,0.05054034462244772,7.0,0.0001870264451121449
0.0125,199.54906369293323,298.64751697896975,0.002206853785309321,1.496611968265256,1.7461412764539723,0.00010863339004174577,9.0,2.1187855974147343e-07,199.63252297947085,299.158215902686,0.0020847950719498926,1.4985444828218186,1.7463552475644792,0.08688232142448271,7.0,0.00016666771902560548,200.36349427972513,301.6306302217405,0.0017727632849972776,1.505417098589015,1.7468994529479063,0.18004912752172686,10.0,0.0009249632808705746
0.015,197.2338488879387,291.70202315826225,0.001396038970851051,1.4789653236650926,1.747557565742342,0.0001588314820537562,9.0,2.0555059655681392e-07,197.26203878955388,292.1509708520058,0.0012698824806878055,1.481029865881508,1.7477789519004483,0.12161816111473911,7.0,0.00014211546023731964,198.62580887902584,295.8156023693764,0.0008363503657280273,1.4893110016208646,1.7485359287973754,0.020608089233704163,10.0,0.0008167091861472862
0.0175,195.10192101768038,285.30638058907857,0.0006362094712818317,1.462345317262272,1.7488858440125394,0.00020584534584600078,9.0,1.955348176730761e-07,195.0751190759207,285.6844639876227,0.0005054411673756365,1.464484375767255,1.7491155348638139,0.15303558662022,7.0,0.00013058952405713294,197.0005116714727,290.3244504895041,-3.571082491304889e-05,1.4737243473441468,1.7500613291305278,0.22569484163800269,10.0,0.0008450582748052433
0.02,193.13593156197604,279.40854468920907,-7.60168911564732e-05,1.44669374791893,1.7501318268875965,0.0002500010936472563,9.0,1.8633673694566197e-07,193.05340865876482,279.7193405107927,-0.00021184280460138233,1.4489220493651882,1.7503705954496225,0.18637151149940223,7.0,0.00014063024152274913,195.43495135357088,285.09114113271926,-0.0008669359473155933,1.4587520766280286,1.7515165423951833,0.40457097599775693,8.0,0.000745706157085892
0.0225,191.32056389008412,273.96256644006354,-0.0007437651570835098,1.431955670993413,1.7513008088743214,0.00029158993706346337,9.0,1.7790208000512248e-07,191.18239762541805,274.2129576644957,-0.0008850031006382049,1.434300234071542,1.7515492703282598,0.2219215960805485,7.0,0.00015206106014373889,193.75911550496048,280.0844342440867,-0.0016609697632281074,1.4455290710537756,1.7529077791255214,0.3976374235982263,9.0,2.92327695174434e-05
0.025,189.64224349436768,268.92772309583586,-0.0013699282340611622,1.4180792113642282,1.7523977031001252,0.0003308709109148822,9.0,1.7017263491445962e-07,189.45056674171073,269.10700598816004,-0.0015168624394518299,1.4204602847931813,1.7526563512277697,0.2517685876759401,7.0,0.0001293299569328757,191.9625545727723,275.25369912226284,-0.002429410481576029,1.4338926658632019,1.7542552285314137,0.21132153201801884,9.0,0.000794631894072769
0.0275,188.0888964690506,264.2677936289489,-0.0019571886949109607,1.4050153868196746,1.7534270760295845,0.00036807393233573293,9.0,1.6308996879538252e-07,187.84126483366663,264.37556350296865,-0.0021101933559866427,1.407441350744061,1.7536965635883146,0.28392300065624454,7.0,0.0001410274011827146,190.59297174840594,270.77273064622943,-0.003126780256615256,1.4206858110364402,1.7554789587965591,0.3353948663294517,7.0,0.0005354847676842211
0.03,186.64974718101612,259.95045175172606,-0.0025080378702539985,1.3927179419087112,1.7543931779401285,0.00040340289254459094,9.0,1.565976778702192e-07,186.34981929000128,259.99041625337617,-0.002667227611742942,1.3951739649866466,1.7546737035287296,0.31365279445743965,7.0,0.00013188329411032495,189.38707407355128,266.537048083648,-0.003789670110400725,1.40736662936212,1.7566429786381017,0.5413913790019222,8.0,0.0008980292165725342
0.0325,185.31514795425457,255.9467549785968,-0.00302479264781718,1.3811431920383421,1.7552999698006564,0.00043703861102528663,9.0,1.5064266169885334e-07,184.96432527800766,255.92184223460592,-0.0031902892105610606,1.3836281231526495,1.755591744933652,0.3429554668609569,7.0,0.00013137785509360585,188.1346097280278,262.49327440169674,-0.004422136349026884,1.3952418153212942,1.7577542972097553,0.6368515941289132,9.0,0.0004200181082606126
0.035,184.07643476418295,252.23071248282437,-0.00350961033153481,1.3702498791111022,1.756151147106689,0.00046939675850410367,9.0,1.4632979477506636e-07,183.67482364944522,252.14152688555419,-0.003681552011297745,1.3727604136252332,1.7564544127512978,0.372351979072846,7.0,0.00013311750349371588,186.85226028322072,258.6663279064873,-0.0050066357498942185,1.3843360926670871,1.7587819609441888,0.6301509810582644,9.0,2.9756604945749403e-05
0.0375,182.9258057246568,248.77891826243794,-0.003964501792634717,1.3599990295349822,1.75695016102496,0.0005003628225210832,9.0,1.4130774024059467e-07,182.47337190773248,248.62470149656687,-0.004143018438286385,1.3625259340430436,1.7572651436738775,0.40152859112313877,7.0,0.00013336105473369224,185.52587272860413,255.00841461587208,-0.005554877761788965,1.3745167230066626,1.7597464256927466,0.5230678566467617,8.0,0.0004799363895241916
0.04,181.8562159219438,245.5702379551408,-0.0043913432441073305,1.3503538315156864,1.7577002373837065,0.0005300631031559533,9.0,1.3668433363160182e-07,181.35621292004313,245.35066702606008,-0.004576413512806632,1.3528660699053692,1.7580268980197902,0.4273427553102209,7.0,0.00011903004292698252,184.56141512916528,251.57403669297466,-0.00609523185030815,1.3630911776272987,1.7606975321034881,0.7034028981737066,9.0,0.0008157468137345461
0.0425,180.86128830916604,242.58554075840405,-0.004791886752476861,1.3412795133015196,1.758404393670756,0.0005586103019652455,9.0,1.3242329018483978e-07,180.31443774829611,242.3012511974604,-0.004983530604430408,1.343770660981084,1.7587427658456045,0.45264598419068136,7.0,0.00011763578314882508,183.5579326828816,248.33029471144908,-0.006586403781202788,1.352871494475096,1.7615625193747908,0.7811677790652283,12.0,0.0003544769457584807
0.045,179.93523686176945,239.80746890088773,-0.005167769690592176,1.3327432307498144,1.7590654543650648,0.0005861051931077554,9.0,1.284919078996609e-07,179.34342588575547,239.45842946316074,-0.005365941792570335,1.3351949104379184,1.7594154567650218,0.4760506019647721,7.0,0.00010965033953095477,182.4276189906154,245.2336748747455,-0.007053365051188407,1.3442793159919553,1.7623852654844532,0.683060699033561,7.0,0.00045063262546647155
0.0475,179.0728002555053,237.2202386807579,-0.005520523265410401,1.32471396182048,1.7596860648100776,0.0006126380806392717,9.0,1.2486077018243926e-07,178.43415404018265,236.80222594156132,-0.0057253124817539525,1.3271126663801955,1.7600478521990752,0.49992127367112005,7.0,0.00011264468455350415,181.31251015938176,242.2636067304614,-0.007498169611555472,1.3361659739722367,1.7631693319420023,0.5579745825613003,7.0,0.0005791757498445786
0.05,178.2691844171095,234.80946812152658,-0.005851580239321384,1.3171624074530213,1.7602687038142466,0.00063829006600713,9.0,1.2150343973461254e-07,177.5841665844508,234.33593752945927,-0.006062967474517608,1.3195767507685994,1.7606422410132752,0.527812592035616,7.0,0.0001325157665882136,180.5765361948256,239.4834388282882,-0.007907066867049867,1.3262157081687924,1.7638904133964899,0.7487232520628453,9.0,0.0008901754914277685
0.0525,177.52001258506584,232.56202715764306,-0.006162281945459869,1.3100608983237967,1.7608156951356737,0.000663134148538802,9.0,1.1839615839942114e-07,176.79083847551544,232.02568089631777,-0.006380198820226869,1.3124304567877936,1.7612008601000633,0.5510551565904933,7.0,0.00011113455901456464,179.49193034635027,236.83960792898714,-0.008285144627981189,1.319500032519445,1.764557409202281,0.5453943700212278,7.0,0.0009547656934697062
0.055,176.821281750481,230.4659069599838,-0.0064538846823690155,1.3033833070229788,1.7613292179842905,0.000687236180269224,9.0,1.1551756365787586e-07,176.04509195971718,229.8692463107794,-0.006678425657648535,1.3057407267189154,1.7617261754167939,0.5779901438759367,7.0,0.0001295632224861373,178.5611782355825,234.330306713518,-0.008646577528255324,1.3123250475215682,1.765195277103207,0.45107599774317464,7.0,0.00044619812342585675
0.0575,176.1693377889434,228.51010771863994,-0.006727565013621491,1.2971048798083267,1.7618113156911628,0.0006981172698772298,9.0,5.2431226286996356e-08,175.34803496285008,227.85053412599532,-0.006958675952855202,1.2994188054304037,1.7622199685556423,0.6021430791483624,7.0,0.00011683764643634971,177.93322324709925,231.96853166732407,-0.008982543662637878,1.3036830752241528,1.7657884083337092,0.6103793579912065,10.0,0.0007587038204389694
0.06,175.56106230256657,226.68457358841005,-0.006984415812242184,1.291200740160343,1.7622638881508634,0.00046222690346553463,9.0,1.142364615352158e-06,174.6961527499043,225.96779277489853,-0.007222012025882893,1.2934903786827803,1.7626840854542913,0.6264448417285422,7.0,0.00011818185634941941,177.3873949182503,229.77439431136003,-0.009286973475553462,1.2953253776417004,1.7663260371088225,0.795930147796966,7.0,0.0008884450028858467
0.0625,174.9933577593464,224.9800519581006,-0.007225467590392373,1.2856490945644732,1.7626887288820623,7.106646194188215e-06,9.0,2.283577018005177e-06,174.08411326704746,224.20491990836396,-0.007469544497759634,1.2879114337356592,1.7631204607490223,0.6508600357405214,7.0,0.00011932483127683545,176.88912873435018,227.736606853313,-0.009561740488532797,1.2874539463379058,1.7668114223926512,0.9769264499125114,7.0,0.0008708310318278436
0.065,174.46337269380422,223.38802692672192,-0.00745168699821834,1.280429373097034,1.7630875219442808,0.0006970515635913443,9.0,3.3717813939026333e-06,173.50789709860996,222.55436945164087,-0.0077023030423135075,1.2826757350713338,1.7635308896336754,0.6768927186036535,7.0,0.0001278265186174054,176.30690814768886,225.78937022216033,-0.009828343608894188,1.2806609371937994,1.7672825136543895,1.0437847403020726,8.0,0.0003231147939075867
0.0675,173.96847879155487,221.90065047830976,-0.007663980976962498,1.2755221636684317,1.7634618488652483,0.0015952987849630063,9.0,4.407896571301315e-06,172.96896029938964,221.00543029694813,-0.007921054679880551,1.277717284733705,1.7639167068960737,0.6995164662597517,7.0,0.00011157876038380302,175.73443794911267,223.94454089179703,-0.01008578842978522,1.2743349767143792,1.7677375415869414,1.0862576518470064,7.0,0.00020623458924356647
0.07,173.5062505220733,220.51068133750772,-0.007863200602764839,1.2709091498087244,1.7638131950716405,0.0026900762373998077,9.0,5.393108113184727e-06,172.4641077843154,219.56108684676664,-0.008126632784154125,1.2730827861374554,1.7642793666430256,0.7229211646068165,7.0,0.0001159098050445217,175.30333557665776,222.22979916519387,-0.010314257670727356,1.2676872258829086,1.7681414547888497,1.2267358549264458,8.0,0.00068524082235692
0.0725,173.07444698828917,219.2114305021649,-0.00805014465086934,1.2665730517515246,1.7641429558695507,0.003970154234210099,9.0,6.328807330506853e-06,171.98809450776136,218.20540356463576,-0.008319953908485403,1.2687238857384324,1.7646204719229475,0.7470400137839022,7.0,0.00011991186414966755,174.95416432413393,220.63541991951342,-0.010519939143727688,1.2611041341705178,1.7685051607868814,1.4090243509627811,7.0,0.0008926069832961365
0.075,172.67099570954926,217.99671259734882,-0.008225562906200176,1.2624975706055588,1.7644524420151841,0.005424843766306253,9.0,7.216539301569286e-06,171.5402600465569,216.9335030067497,-0.008501735476792935,1.2646215118705826,1.7649412764138959,0.7709076223596725,7.0,0.00011909903619546811,174.31328922152719,219.0987744159114,-0.01071322969419336,1.2569252487540883,1.7688470244414458,1.280364416223378,7.0,0.0006321250114243768
0.0775,172.29397809585137,216.86080231938237,-0.00839015924305446,1.258667335423281,1.7647428849112679,0.007043989390595584,9.0,8.057960019801987e-06,171.1193941164688,215.73593297667009,-0.00867265897506736,1.2607333849594744,1.7652429720066822,0.7925835424211982,7.0,0.00010853726921570712,173.70997263342997,217.64254761276345,-0.010900578829918933,1.252907615569325,1.7691784430121773,1.162456762508839,7.0,0.0005819302430303248
0.08,171.94161640565235,215.79839534288234,-0.00854459449392947,1.2550678529958745,1.7650154414604717,0.008817958024934569,9.0,8.854800952272771e-06,170.72437286149182,214.62414786999503,-0.008833330790603375,1.2571383000136658,1.7655266194739163,0.8170097618398557,7.0,0.00012270839908147456,173.26197325736942,216.29205766298108,-0.011055817250664832,1.2483527319736412,1.7694531057526666,1.1646207030424023,7.0,1.0726065420017484e-05
0.0825,171.61226200861395,214.8045731517506,-0.008689489125174268,1.2516854602206027,1.7652711986034948,0.010737624697100046,9.0,9.608839832684052e-06,170.35004920518114,213.57451761484654,-0.008984521755518088,1.2537391014052655,1.7657935712266986,0.8414566664343823,7.0,0.00012318806995730193,173.0394059392794,215.03217463334198,-0.011206339621968417,1.2426774899400552,1.769719465212301,1.3620143948320589,8.0,0.0009818787303416685
0.085,171.30216456025028,213.87452629468385,-0.008825518309881042,1.2485220303183038,1.7655113410049394,0.010655795355646092,10.0,4.1066732298316076e-07,169.99782899735837,212.58961642572004,-0.00912672280854733,1.250543125636172,1.7660446866969917,0.8653764778816679,7.0,0.00012088176950938386,172.4916369633879,213.81989623256246,-0.011360812957168023,1.2395957276348806,1.7699928577792967,1.2183382192003904,8.0,0.0007164318531646935
0.08750000000000001,171.0119903146244,213.00400417743478,-0.008953177538273613,1.2455501148519137,1.7657367371518222,0.010655588812809924,10.0,1.0391062903772005e-09,169.66516373401078,211.66261142513602,-0.009260521297875898,1.2475313539140298,1.7662809965376052,0.8890400743678981,7.0,0.00011991378670421669,172.21914831425872,212.71336878908954,-0.011491362980809897,1.235131928541062,1.7702239433176423,1.3146920512288602,10.0,0.00048229314852864615
0.09,170.740345648913,212.18907082688918,-0.009072982191852597,1.242758822002186,1.7659482914919065,0.01065537328328503,10.0,1.0868227298917464e-09,169.3508934104507,210.79158224968734,-0.009386431232334819,1.2447031013813317,1.766503402793089,0.9129673394450464,7.0,0.00012156308447173149,171.9826642361392,211.67293625415607,-0.011613509036827688,1.230780655680043,1.770440180509975,1.4250188180871532,7.0,0.0005536143413871485
0.0925,170.4860103386201,211.42606556726903,-0.00918541427465358,1.2401373294344422,1.766146850303825,0.010655149530450103,10.0,1.130733530235593e-09,169.0547922991088,209.97855543863116,-0.009504891452700337,1.2420739606548148,1.7667126755079103,0.9380595137682661,7.0,0.00012779239479770746,171.54062479476002,210.69964445972954,-0.011714924635972693,1.2282784017594746,1.7706197385657614,1.3074099748502022,8.0,0.0005914938158332935
0.095,170.24784918060197,210.71158278706702,-0.0092909262909113,1.2376754467161601,1.7663332084458472,0.010654918246288503,10.0,1.1711674252813709e-09,168.77394314264043,209.20882078738438,-0.009616428668020413,1.2395800968551771,1.7669097406541185,0.9623304531543511,7.0,0.00012389338656593275,171.20466185049386,209.78238066134074,-0.01181161419801223,1.2253310067253615,1.770790946107255,1.277201630046946,8.0,0.0001523972397212961
0.0975,170.02480547989305,210.04245239950282,-0.009389943053383837,1.2353635800768037,1.7665081124636404,0.010654680058749477,10.0,1.2084223117615682e-09,168.50763951336572,208.48909608357542,-0.009721465640060933,1.2372679166693712,1.7670953412006405,0.9887258478260748,7.0,0.00013503125423067238,170.85611326403782,208.9214242584255,-0.011896155913578066,1.2227916242924377,1.7709406572360185,1.2156385112293009,8.0,0.00031137496495776013
0.1,169.8158951088216,209.41572201985147,-0.009482863378434875,1.233192698985295,1.7666722635085266,0.010654435537759355,10.0,1.2427710091903116e-09,168.25392316355064,207.8081788852725,-0.009820460862413366,1.2350866771960691,1.7672702838116063,1.0154697982068654,7.0,0.0001370956289023537,170.5980070481138,208.10716493734182,-0.011973996854577756,1.2198686757146542,1.7710785135221054,1.2289520689998596,9.0,6.750987789668626e-05
0.10250000000000001,169.62020107932975,208.82864068238504,-0.009570061675584052,1.2311543044611644,1.7668263200786312,0.010654185201389055,10.0,1.2744595580566685e-09,168.0129395417167,207.16900325108705,-0.009913766395063944,1.2330538577336665,1.7674351875603191,1.0433948753123303,7.0,0.0001434303597587032,170.37331031851375,207.3578508292594,-0.012040236582473288,1.217079426593302,1.7711958326113884,1.2540267087606054,7.0,0.0001274157819952301
0.105,169.43686857651252,208.27864394097512,-0.009651889438587372,1.2292403990393792,1.7669709005942387,0.010653929520827887,10.0,1.3037125068227917e-09,167.78277125701723,206.5649916955381,-0.0100017898192548,1.2311454277931344,1.7675907700694908,1.0722259748287826,7.0,0.0001483581029461826,170.31122875928875,206.6788944471374,-0.012105178488846152,1.2135365116721064,1.7713108606467667,1.418263943576278,7.0,0.0008361403237613703
0.1075,169.26510040753,207.76334021581545,-0.009728676644535972,1.227443458312407,1.767106585817862,0.010653668924874182,10.0,1.3307347257565763e-09,167.56364675765045,205.99639301577062,-0.01008483918871396,1.2293620782418633,1.7677375734326033,1.1018175809397661,7.0,0.0001525399704358187,169.90844802142405,206.03016324067534,-0.012161572643313773,1.2125951689859273,1.7714107546393563,1.2317269411989429,7.0,0.0009507003999447193
0.11,169.10415282536485,207.28049826468165,-0.009800733066951395,1.2257564039763222,1.767233921128691,0.010653403804312234,10.0,1.3557114338293491e-09,167.35205134034118,205.45864140037457,-0.010163353328065838,1.2277031548453305,1.7678763712470127,1.1341624597836812,7.0,0.00016701160772259434,169.51811633608972,205.39261015458024,-0.012209550389607762,1.2116263122424338,1.771495744682665,1.0539129512296483,7.0,0.0009085649273108776
0.1125,168.95333169151388,206.82803567099572,-0.009868349508399474,1.2241725783107726,1.7673534186604558,0.010653134515308693,10.0,1.378812738472798e-09,167.1487524577295,204.9520673257736,-0.010237610202660452,1.226165701581316,1.7680076530695121,1.1686033175283939,7.0,0.0001781193659876999,169.39433724761875,204.8073176813505,-0.012258609909991489,1.2090564596735336,1.7715826552415825,1.1252313538352468,9.0,0.0003653220993675965
0.115,168.81198894572367,206.40400825302157,-0.009931798957735993,1.2226857200253973,1.7674655593110136,0.010652861383150025,10.0,1.4001914982626465e-09,166.95208932971835,204.46918671832293,-0.010307953415254242,1.224717747104746,1.7681320247587657,1.204306243055953,7.0,0.00018492912003325733,169.08617960958023,204.24630061960121,-0.01229590355379244,1.2079420156703857,1.7716487250700772,1.0040794030465037,7.0,0.0006213673664239605
0.11750000000000001,168.6795193543838,206.00660030903686,-0.009991337676728676,1.2212899414079517,1.7675707946314947,0.010652584704871515,10.0,1.4199886618638695e-09,166.76102839830824,204.01653290138424,-0.010374693607370214,1.223406540850128,1.7682500341467764,1.2444825688198478,7.0,0.00020840656456923206,168.9119048711179,203.72918560798723,-0.012331686409336504,1.2061268610015108,1.771712120692679,1.0021763351221722,7.0,9.780503809145335e-06
0.12,168.55535751225912,205.634115622521,-0.010047206220465982,1.2199797067118743,1.7676695486022485,0.01065230475211365,10.0,1.4383318257372046e-09,166.57194884428847,203.59161019341337,-0.010438251408999122,1.2222442710550916,1.7683624237841544,1.291921220182644,7.0,0.0002464262745581645,168.69098124673152,203.2508501361745,-0.012368032164950832,1.2048708747440082,1.771776515911498,0.9406978680066658,7.0,0.0003164007852565527
0.1225,168.4389750749261,205.28496915945777,-0.01009963039566003,1.218749811723454,1.7677622193024092,0.010652021773523757,10.0,1.4553373275558864e-09,166.3782297540107,203.1852106236744,-0.010499224231922288,1.221224741506642,1.768470249102535,1.3501737872140893,7.0,0.00030301588630301304,168.61203972851771,202.79360997955288,-0.012393295134214555,1.2027231881309954,1.771821276731784,1.014169735333411,9.0,0.0003787166942971597
0.125,168.32987820163922,204.95767939692706,-0.01014882216067406,1.2175953644510578,1.7678491804794152,0.010651735996887624,10.0,1.4711114337067008e-09,166.15989392702687,202.79784444061886,-0.010558897605306622,1.2204981578146796,1.7685757828196995,1.4393875531794151,7.0,0.0004647055292640398,168.55785290842192,202.38333039367896,-0.012412489835520818,1.2006757733419549,1.7718552865917332,1.096742777195601,7.0,0.00042601380637663126
0.1275,168.2276051904265,204.65086122838633,-0.010194980470851378,1.2165117668811267,1.7679307830244924,0.01065144763101955,10.0,1.4857514139567228e-09,165.89927759528814,202.42595785309112,-0.010618781659065907,1.2201738355178975,1.7686816954609124,1.5760416890755522,7.0,0.0007128585284664887,168.55083371855974,202.01977802572665,-0.012428090103024592,1.1985688445958813,1.7718829281929884,1.2109077099841983,7.0,0.0005894371043784059
0.13,168.13172428904684,204.3632193965381,-0.01023829207248969,1.2154946977478398,1.7680073563596417,0.01065115686749607,10.0,1.4993462047712338e-09,165.64972441465648,202.06235722350712,-0.010677433040971962,1.2198170442934277,1.7687854341121096,1.704394659845903,7.0,0.0006706515073595669,168.51871330268236,201.69092954113893,-0.012436773397690531,1.1968458908113948,1.7718983140318245,1.2884034556360575,7.0,0.0004002999319721358
0.1325,168.04183166705923,204.09354240953041,-0.010278932248590306,1.2145400962654367,1.7680792097414282,0.010650863882418093,10.0,1.5119761416973851e-09,165.41062392014726,201.70266293917587,-0.010734768992386817,1.2194057319833866,1.7688868519993333,1.8235970595780344,7.0,0.0006238229150117814,168.28207633785198,201.3888351185503,-0.012449640601758988,1.1967337193667105,1.7719211135347477,1.1524646316685505,7.0,0.000702562476173705
0.135,167.95754953568476,203.84069690054153,-0.010317065519313107,1.2136441467743189,1.7681466334864793,0.010650568837590413,10.0,1.5237158628495544e-09,165.1857001559566,201.35140818059998,-0.010790529194152132,1.2189397023501325,1.7689854882219807,1.9314359042434006,7.0,0.0005652170520447726,168.25521782645862,201.0962122676792,-0.012456744990153784,1.1951855928479636,1.7719337019888717,1.2231470705655454,7.0,0.000365824736883165
0.1375,167.87852440341956,203.60362239461313,-0.010352846299884366,1.2128032642540065,1.7682099001233536,0.01065027188185752,10.0,1.5346334201067545e-09,164.97459708209274,201.00991725216335,-0.010844578761654455,1.21842950858755,1.769081103692277,2.028708668628383,7.0,0.0005105795989529126,168.14917870813738,200.8459508244245,-0.0124590107224678,1.1944509772066154,1.7719377167202168,1.2005284333292252,10.0,0.00011712049223786412
0.14,167.80442545648393,203.3813264499944,-0.010386419518533807,1.2120140806580604,1.7682692654751224,0.01064997315245364,10.0,1.5447901327711396e-09,164.77833611888784,200.67557634066213,-0.010896742643386303,1.2178516974214035,1.769173388223354,2.1135226613328797,7.0,0.0004458001358881419,168.18294064446192,200.61016716219393,-0.012459027140765078,1.192809249222744,1.7719377458124175,1.3128849237306213,10.0,0.000582240911162751
0.14250000000000002,167.73494305420286,203.17288014428152,-0.010417921196878538,1.2112734320279765,1.7683249696767924,0.010649672775670638,10.0,1.554244053960075e-09,164.59785289525325,200.351073331896,-0.010946840747389108,1.21721559429694,1.7692620226635847,2.1858382153787517,7.0,0.00038060321558456634,168.05179025149562,200.40152952668578,-0.01245468407658934,1.1924986293021789,1.7719300501873958,1.251280409267025,7.0,0.00031928134461387697
0.145,167.66978733031502,202.97741387834097,-0.01044747899502324,1.2105783463449427,1.7683772381314131,0.010649370868037522,10.0,1.56304727766585e-09,164.43454101619298,200.03662039414868,-0.010994667257622631,1.2165121704839965,1.7693466423039885,2.244332448523224,7.0,0.00030823784380283625,168.15642781571498,200.22078317022996,-0.012460463361382429,1.1906817108987042,1.7719402907011537,1.4161667589716416,12.0,0.0008552866099062597
0.1475,167.60868689201106,202.7941134734216,-0.010475212723507765,1.2099260320801881,1.768426282408524,0.010649067537201518,10.0,1.5712474392340836e-09,164.28907299701112,199.7283086674713,-0.011040036728975605,1.2157126765886914,1.7694269184365212,2.287029892145995,7.0,0.00022525168682252975,167.94415691388755,200.0511097195067,-0.01245535326395586,1.1911763612120296,1.7719312359334642,1.2604536740519734,7.0,0.0008074963701668365
0.15,167.55138760922512,202.6222165390275,-0.010501234824104283,1.20931386740644,1.7684723010883552,0.010648762882610185,10.0,1.5788887114848208e-09,164.1641395945321,199.44314883285253,-0.011082663545287641,1.2149008262429044,1.769502345071191,2.3169100164187455,7.0,0.00015779875501945503,168.013875550413,199.89471289788824,-0.012442253682600463,1.1897512169339213,1.7719080245063947,1.3823045844502388,11.0,0.0006326297252224474
0.1525,167.4976514873522,202.4610090910685,-0.010525650821344656,1.2087393900347099,1.7685154805550065,0.010648456996023015,10.0,1.5860126614260522e-09,164.05449701782592,199.16359870145166,-0.011122598110315074,1.2140087734371026,1.769573010780503,2.3333692159913113,7.0,8.700254556587511e-05,167.88337725231435,199.76706700160392,-0.012428504876533214,1.1899157038124812,1.7718836630301436,1.2943549184463734,7.0,0.00045656149349403955
0.155,167.4472556171486,202.3098224015583,-0.010548559746545755,1.2082002876423334,1.768555995741648,0.010648149962520392,10.0,1.5926556487036002e-09,163.9647200448877,198.89547327423077,-0.011159547589618457,1.213038226880638,1.7696383967827187,2.3337710465225427,7.0,2.125862056886401e-06,167.8092919832153,199.6392961844199,-0.012408148746079983,1.1896796287322893,1.7718475946498145,1.2628599217419918,7.0,0.00016361749432861443
0.1575,167.39999119609683,202.1680300627084,-0.010570054535994189,1.207694388859814,1.7685940108305995,0.010647841860716767,10.0,1.598852931712682e-09,163.8921371206582,198.6484416311022,-0.011193464127666364,1.21206816337294,1.7696984178025326,2.324010089709205,7.0,5.167826317666194e-05,167.639778906664,199.50625908587415,-0.012395046681414973,1.190089013401481,1.771824379918408,1.137692544705942,7.0,0.0006505664079607033
0.16,167.355662615993,202.03504524968835,-0.010590222404851829,1.2072196547855638,1.7686296799109738,0.010647532763542245,10.0,1.6046357047584886e-09,163.8354991876171,198.41357729740812,-0.011224299948447147,1.2110536378333596,1.7697529887420038,2.302359911518934,7.0,0.00011469773729872994,167.59688466449924,199.3806525149672,-0.012392409049725939,1.1896441447231774,1.7718197065035588,1.136667159510182,8.0,5.334462803775481e-06
0.1625,167.31408661194402,201.9103181676164,-0.010609145198250042,1.206774170999196,1.768663147596419,0.010647222738555229,10.0,1.6100335180914053e-09,163.79260136114615,198.1869053313656,-0.011252076119719456,1.2099869205592717,1.7698021463825304,2.26970041597572,7.0,0.0001731180715796064,167.43842517527742,199.2739024693602,-0.01238245240539737,1.190132445767791,1.7718020652002047,1.0137910188240227,7.0,0.000639471522043901
0.165,167.27509146835118,201.79333366950834,-0.010626899720952793,1.206356140045442,1.7686945496053668,0.010646911848382956,10.0,1.6150736048382538e-09,163.76364728649222,197.97923874758027,-0.011276735542575828,1.2089327639438223,1.769845789216658,2.229432296034531,7.0,0.00021355120386937844,167.43204009420626,199.16030985661067,-0.01237630153968522,1.1894993917804046,1.7717911671123612,1.0452701420026784,8.0,0.0001639624615671546
0.1675,167.2385162778096,201.683609032975,-0.010643558046885687,1.2059638743622112,1.7687240133059983,0.01064660015126151,10.0,1.6197803558785698e-09,163.74666857505292,197.78262468813736,-0.011298307327030827,1.2078573958741892,1.7698839683575467,2.1808729876595407,7.0,0.000257621913588008,167.3871729234406,199.05516652511204,-0.01236799220198706,1.1891900857669406,1.7717764447536513,1.0354507484032638,8.0,5.115385051194427e-05
0.17,167.20421024917468,201.58069188442084,-0.010659187809750753,1.205595789627647,1.768751658228079,0.010646287701050028,10.0,1.6241780456337512e-09,163.74018727428336,197.59915312067338,-0.011316814206661169,1.206784702094376,1.7699167236880244,2.1261970992744494,7.0,0.0002901655659496346,167.2853263680718,198.97974055558092,-0.012348691864935951,1.1894632056237442,1.7717422491539407,0.9587461828781585,7.0,0.0003997222123454464
0.17250000000000001,167.17203206133885,201.48415826037242,-0.010673852475873158,1.2052503985023268,1.768777596543618,0.010645974548040726,10.0,1.6282866920012625e-09,163.74114641687186,197.419935733408,-0.011332349948476594,1.20568311663577,1.7699442208691802,2.06549882759748,7.0,0.00032220920890730487,167.36395145399084,198.9034135346015,-0.012328272368847454,1.1884483594382689,1.7717060713866148,1.062813609123694,9.0,0.0005426157015502724
0.17500000000000002,167.14184925952728,201.39361079636538,-0.010687611600358055,1.204926304744027,1.7688019335182632,0.010645660738830998,10.0,1.632126927467801e-09,163.74893176128805,197.25244117484658,-0.011344873918145537,1.204602918951555,1.7699663877344491,2.0018819636608214,7.0,0.0003377755751382739,167.41079630621206,198.84983075784743,-0.012305918581001385,1.1877957404499173,1.7716664674243847,1.1275193869295634,7.0,0.0003372913043057603
0.1775,167.11353769116567,201.30867703454675,-0.010700521067570468,1.2046221976736284,1.7688247679351623,0.010645346316763948,10.0,1.6357170424423648e-09,163.7565959573648,197.0694381513276,-0.011354484651693336,1.203429009984038,1.7699833984904847,1.9332167597444112,7.0,0.0003646422873557869,167.53344130900143,198.806582996982,-0.012287808312428317,1.1866680553066409,1.7716343823178686,1.2645803100074176,10.0,0.0007143501783982531
0.18,167.08698097859508,201.22900784181874,-0.010712633316890374,1.2043368469719222,1.7688461924929673,0.010645031322169984,10.0,1.6390740177629582e-09,163.63435143197572,196.29691752292186,-0.01136093759719839,1.199607025084365,1.7699948201332807,1.7979544089982227,7.0,0.0007184393209514971,167.47081112838157,198.78892694738684,-0.012256505618745223,1.1870064138818621,1.7715789261334542,1.2078354792526227,11.0,0.00029559981229775793
0.1825,167.06207002733802,201.15427593103328,-0.010723997554587167,1.204069097779744,1.7688662941794515,0.01064471699361036,10.0,1.6359627571897022e-09,163.76795082249097,196.41896678231828,-0.011354920654056522,1.1993736613045731,1.769984170207102,1.7050381049484429,7.0,0.0004942708024791465,167.48937876066083,198.7830226982624,-0.012228741856958797,1.186839572569671,1.7715297410234077,1.2283711945733558,11.0,0.00010700906096011471
0.185,167.0387025602692,201.08417447791467,-0.010734659952942038,1.2038178661341166,1.7688851546227011,0.010644400964309852,10.0,1.6451488847185391e-09,163.91514491087756,196.55900071607047,-0.011347918004731838,1.19915094375777,1.769971775671996,1.6045219944792564,7.0,0.0005342871629285364,167.55094329442156,198.77851032058024,-0.01219412421575422,1.186376551585779,1.7714684157522855,1.2914398542281305,9.0,0.0003286175293962602
0.1875,167.0167826944577,201.0184158276905,-0.010744663836713103,1.2035821345896462,1.7689028504200621,0.010644085227554001,10.0,1.6439394954636992e-09,164.0731089245755,196.69303551631705,-0.011339847813251897,1.198813363174199,1.7699574917183991,1.4912362475301677,7.0,0.0006016496998387589,167.4356529214222,198.77292654228305,-0.012173887129743682,1.1871601004570245,1.7714325667045123,1.1780107406611648,8.0,0.0005908570817594513
0.19,166.99622053061398,200.9567302851836,-0.010754049858651027,1.2033609482098664,1.7689194534478085,0.01064376888611207,10.0,1.6473826454049337e-09,164.245840263461,196.83458858941145,-0.011330360042671156,1.1984144516151884,1.7699406988472974,1.3656892663428408,7.0,0.0006661714035989489,167.44430220826212,198.7652323410855,-0.012155920858964858,1.1870528272372467,1.7714007409124064,1.1892247612336178,7.0,5.844533357038655e-05
0.1925,166.97693178008223,200.8988649826087,-0.010762856163895634,1.2031534107190538,1.7689350311512613,0.01064345254599175,10.0,1.6476523352190111e-09,164.433227903132,196.9802472819017,-0.011319213667251471,1.1979345646485955,1.7699209705335082,1.2268545241685729,7.0,0.0007359628217906105,167.57392952548528,198.75890100272753,-0.012141909651244814,1.1860967965932883,1.7713759215977056,1.3209625245761032,8.0,0.0006865713931247464
0.195,166.95883740895192,200.84458282013784,-0.010771118544495972,1.202958680936341,1.7689496468174992,0.010643135572635742,10.0,1.651210571540967e-09,164.63251917452806,197.12516593763183,-0.011306267044771584,1.197364693962182,1.7698980561828437,1.0758694713492218,7.0,0.0007995369525058024,167.3800713912289,198.75197823932783,-0.012108720785393157,1.1874291639819605,1.771317132476081,1.1294119781196343,7.0,0.0009977141320178281
0.1975,166.94186330915667,200.79366147425438,-0.01077887058431043,1.2027759693948554,1.7689633598311494,0.010642817738556687,10.0,1.655939005024404e-09,164.8481651235558,197.2647721070496,-0.011291135444685907,1.1966452399345613,1.7698712749953238,0.9067589121274295,7.0,0.0008945388715656941,167.52255104269798,198.77103731656618,-0.01208209100363744,1.186533013492038,1.7712699632257571,1.2655386038426144,8.0,0.0007096632034603281
0.2,166.92593999015452,200.7458924696424,-0.010786143794996844,1.2026045351698043,1.7689762259144657,0.01064250027371827,10.0,1.6542445432634348e-09,165.08452033079652,197.41061738771003,-0.011273414888817057,1.1958154343734861,1.769839912169554,0.7190187984401604,7.0,0.0009919279213218928,167.3923946794118,198.7916492357529,-0.012044961502536727,1.1875787404587683,1.7712041979022155,1.128511600827494,7.0,0.0007138780338560336
0.2025,166.91100228499485,200.70108033001992,-0.010792967743850551,1.2024436830552947,1.7689882973530573,0.010642174988220177,10.0,1.6952168719017513e-09,164.94894250651524,197.39569936073332,-0.011268608524307583,1.1967078803972113,1.769831405694195,0.8496239470625255,7.0,0.0006891817802384244,167.23168399512832,198.79137340275562,-0.012016180919608765,1.1887183615788182,1.7711532222416801,0.9678928608764465,8.0,0.0008372601028535178
0.20500000000000002,166.8969890781202,200.65904168181953,-0.010799370173731004,1.2022927602839868,1.7689996232076683,0.010641850847036949,10.0,1.6894594427602658e-09,165.18349639132416,197.5344752902326,-0.011251079496466337,1.1958487355314729,1.7698003825412947,0.661328705420047,7.0,0.0009942405636850294,167.0445751208787,198.80441979816277,-0.011994470470869018,1.1901279622777432,1.7711147700682175,0.7764351881577767,7.0,0.000998745060258746
0.20750000000000002,166.88384306667135,200.6196046044014,-0.010805377114937592,1.2021511544664774,1.7690102495117568,0.010641531870859922,10.0,1.6627292017092027e-09,165.0471515335987,197.5127260498919,-0.01124642620458055,1.1967048459463063,1.7697921471626388,0.7904238163652622,7.0,0.00068080081377093,166.8944599157387,198.77635516485037,-0.011985083823643161,1.1910302790470584,1.7710981453055532,0.6356748607885834,8.0,0.0007348948722425707
0.21,166.87151051029048,200.5826079067505,-0.010811012991081587,1.2020182911592998,1.7690202194585016,0.010641208040311767,10.0,1.6882149264368194e-09,165.2849241573715,197.66131105891952,-0.01122889990500378,1.1958822746031073,1.7697611295262745,0.6021795289349967,7.0,0.0009933806732466907,166.98405705064354,198.75753823847316,-0.01196809799735532,1.1902785316696027,1.771068061959115,0.731544304485837,12.0,0.0005008835497297505
0.2125,166.8599409988292,200.5479003262607,-0.010816300718569288,1.2018936308245962,1.7690295735765396,0.010640890075620746,10.0,1.6578016933488795e-09,165.14582179468485,197.63739645115095,-0.011224438019070415,1.1967447574717378,1.7697532330715513,0.733310355698805,7.0,0.0006911074025084313,167.1099988936073,198.7391851820632,-0.011952686888065667,1.189271656381214,1.7710407680159233,0.8636038329195799,9.0,0.0006896979010962308
0.215,166.84908725285229,200.51534004593597,-0.010821261799344395,1.2017766674507724,1.7690383498938065,0.010640570873619026,10.0,1.6644101183951465e-09,165.38077028094042,197.78866244502638,-0.011207137871581535,1.1959592527537093,1.7697226163436444,0.5487838674016956,7.0,0.0009731719073862204,167.0685323729716,198.743407430669,-0.011920333597486954,1.1895921069503679,1.7709834698138132,0.8207298960819287,11.0,0.00022379122146543539
0.2175,166.83890494219304,200.48479408394442,-0.01082591640753941,1.2016669262688409,1.7690465840906329,0.010640247544884573,10.0,1.6860776207170072e-09,165.32493918947412,197.803133284119,-0.011199492613945317,1.1964506640914143,1.7697090864098568,0.6094385718988775,7.0,0.0003194822447056708,167.1106453095623,198.76887652646246,-0.011898084102357681,1.1894447308144567,1.7709440667014573,0.854353134074799,7.0,0.0001755371366243097
0.22,166.82935247999558,200.4561376540955,-0.010830283472081564,1.2015639614625495,1.7690543096457036,0.010639928630425288,10.0,1.6631966890748218e-09,165.3651901485538,197.86278023992307,-0.01118921419786606,1.1965201386227382,1.7696908966967317,0.5890699314205534,8.0,0.00010731189724696661,167.04864684001834,198.7691361999821,-0.011886620484859056,1.1898877360577624,1.7709237653758052,0.7922681066909547,7.0,0.0003240557746986136
0.2225,166.82039086146034,200.42925376442483,-0.010834380753246248,1.2014673549762613,1.7690615579713336,0.010639606652063094,10.0,1.679306600641881e-09,165.4020575991257,197.9155706441311,-0.011179194204869458,1.1965726032490256,1.769673164494919,0.56979928225131,8.0,0.0001015010105916521,166.92633893257877,198.78222550466023,-0.011859835801693697,1.1908379874367698,1.7708763322883339,0.6655970976920145,8.0,0.000661351858643333
0.225,166.81198349645305,200.40403264562906,-0.010838224915010936,1.2013767143407312,1.7690683585413391,0.01063928124335689,10.0,1.6973221836259554e-09,165.43888820266457,197.96930524435064,-0.011169325466447583,1.1966310182273223,1.769655700139292,0.5508802121189689,8.0,9.962593240149406e-05,167.10274290131073,198.79005241181622,-0.011838648306762067,1.1896277042515078,1.770838812195716,0.8393920973719702,7.0,0.000907878424212468
0.2275,166.80409607803935,200.3803713585648,-0.010841831591983708,1.2012916713077404,1.7690747390093122,0.010638958517745323,10.0,1.6834429259412704e-09,165.67654481106553,198.12100755594568,-0.011151619519144257,1.195830150742697,1.769624366985271,0.36379104091636805,7.0,0.0009849619426335328,166.9935862603337,198.80646952449632,-0.011820609935444287,1.1905036233820867,1.7708068693946197,0.7247630855015927,9.0,0.0005983178968536613
0.23,166.79669642619035,200.3581733606349,-0.010845215453287316,1.2012118804121275,1.7690807253215466,0.01063863931203457,10.0,1.6651893247110905e-09,165.54038883921007,198.0996443128905,-0.011146843516210203,1.1966846622868896,1.7696159152742226,0.492825931753444,7.0,0.0006784606798033409,166.85532090512115,198.826078301817,-0.01180073398837872,1.1916076587984592,1.7707716732308318,0.5799614711821306,9.0,0.0007561676892802405
0.2325,166.7897543449549,200.33734807967923,-0.010848390262604646,1.2011370174773512,1.7690863418231586,0.010638318395152169,10.0,1.6742172052209746e-09,165.7777590350452,198.25391294250656,-0.011129261136086838,1.1959017548342896,1.76958480148723,0.3068786124569698,7.0,0.0009783396460115669,166.73964047855148,198.83126686717245,-0.011796405647055364,1.19246548868953,1.770764008740842,0.46255152282735423,8.0,0.0006134975760636589
0.23500000000000001,166.78324151555424,200.31781055478658,-0.010851368933552819,1.2010667782596425,1.7690916113559778,0.010637997292050727,10.0,1.6752837799261587e-09,165.63543786615054,198.22080682039052,-0.011124829074213749,1.1967294521874727,1.7695769585952286,0.4381644073129678,7.0,0.0006898644339426008,166.8884586269281,198.8351979421075,-0.011786005095773572,1.191425695809169,1.770745591901052,0.6100593128922753,10.0,0.000771168189387929
0.23750000000000002,166.7771313733234,200.29948109018483,-0.010854163582319082,1.2010008772834873,1.7690965553515874,0.010637676595138146,10.0,1.6732536707877913e-09,165.87158417701562,198.36895091883895,-0.011107460120534651,1.1959188302388348,1.769546223161122,0.25139946259736234,7.0,0.0009820687273317653,166.69426608497864,198.81805961212973,-0.011773918835251529,1.192710848918911,1.770724190319367,0.4215795476020645,7.0,0.0009846963988767948
0.24,166.77139900296572,200.28228493630877,-0.010856785576716488,1.2009390467051675,1.7691011939180574,0.010637357529461156,10.0,1.664825774442195e-09,165.73072733755762,198.3424662490292,-0.011103129400089229,1.196775452780392,1.7695385597676603,0.3834280787854283,7.0,0.0006933729031947622,166.5159458025275,198.79564983680666,-0.011754649791176852,1.193853530835779,1.7706900704386679,0.2507291902586104,7.0,0.0008934017173272161
0.2425,166.76602103035108,200.26615199623072,-0.010859245582564958,1.2008810353506167,1.7691055459219285,0.010637031607515723,10.0,1.7006802229373884e-09,165.9664326647911,198.49769308915336,-0.011085920442955088,1.19601108430201,1.769508108115676,0.19946503159333417,7.0,0.0009667703139278019,166.68171756373428,198.78090344207217,-0.011727739006412885,1.1925777244649767,1.7706424203288595,0.42141641637689986,8.0,0.000893298862462582
0.245,166.76097552541214,200.2510164437885,-0.010861553607129537,1.2008266071415068,1.7691096290650234,0.01063671081595885,10.0,1.6739831552934931e-09,166.07834285546406,198.59323205315894,-0.011071678130876672,1.1957804289147573,1.7694829064078776,0.11940116225558484,7.0,0.0004202222292617205,166.84703278455652,198.7952874556747,-0.011715768126417891,1.1914823065050955,1.7706212242896757,0.5819369659982812,7.0,0.0008394713263725561
0.2475,166.75624193373906,200.23681663009057,-0.01086371903893868,1.2007755410418466,1.7691134599548426,0.010636390375552196,10.0,1.6722197379814402e-09,165.93964182434658,198.5697381611569,-0.011066852713332243,1.1966383437861732,1.7694743679345533,0.25027089603905495,7.0,0.0006864503391518764,166.69829279157412,198.80764468963602,-0.011696123370698863,1.1926195605266865,1.7705864411611,0.4290778950287688,8.0,0.0007987883103381419
0.25,166.75180094954064,200.22349464895007,-0.010865750687451659,1.200727629379775,1.7691170541747023,0.010636066557268009,10.0,1.6899126156341522e-09,166.17781288532538,198.72014018758102,-0.01104915366993886,1.1958283523969122,1.7694430502072356,0.06223384386829878,7.0,0.00098696339626978,166.86606673161032,198.81893294600468,-0.011693047700182091,1.1914881008478961,1.770580995427764,0.5930890829420861,8.0,0.0008576337411682003
0.2525,166.74763448080043,200.2109962026501,-0.01086765681742835,1.2006826773048027,1.7691204263445073,0.010635746583702144,10.0,1.6699087990561905e-09,166.03803498442429,198.69634125492922,-0.011044506743997262,1.19669171749454,1.7694348277554717,0.19407876721879802,7.0,0.0006911448622653318,166.76968154812246,198.8376240950983,-0.011679181140715644,1.1922888036319865,1.7705564437070072,0.49047351642302317,9.0,0.0005361714487354824
0.255,166.74372554648096,200.19927035708542,-0.010869445183401216,1.2006405020696176,1.7691235901817062,0.010635427452484691,10.0,1.6655694157403228e-09,166.27690655992586,198.8459813755372,-0.011026926607385579,1.195872508632902,1.769403721122077,0.0050872319198731475,7.0,0.0009913747477004605,166.67152071655937,198.85938748871507,-0.01165609902494269,1.1931215761023397,1.7705155759224704,0.3850582203210138,7.0,0.000551029684119246
0.2575,166.74005821694948,200.18826933056684,-0.010871123060946952,1.2006009322012896,1.7691265585565876,0.010635106760517488,10.0,1.6737685854993517e-09,166.1387917552586,198.81960393451027,-0.011022336057158577,1.1967078960547288,1.7693955986040113,0.13440955624480466,7.0,0.0006775110907209271,166.69495392107123,198.86131825120802,-0.011649502853581628,1.1929654352066787,1.770503897331349,0.40784783733521124,8.0,0.00011917667269905756
0.26,166.73661755835462,200.17794831944647,-0.010872697275850052,1.2005638068637683,1.7691293435438598,0.010634785205795083,10.0,1.678321844877077e-09,166.37604972924854,198.97201760179595,-0.011004925715700331,1.1959174287741074,1.7693647930898262,0.052043861983236184,7.0,0.0009774644443559866,166.80478810516536,198.866952820587,-0.011647320728418564,1.1922136952999658,1.7705000338738563,0.5158038316363758,8.0,0.0005644865438866241
0.2625,166.73338954139996,200.16826523078927,-0.010874174232959777,1.2005289749182926,1.7691319564736756,0.010634464470200555,10.0,1.6740935944050284e-09,166.23700293817512,198.94979446671502,-0.011000479863835955,1.1967840549959028,1.7693569267734985,0.07959521739654463,7.0,0.0006892312132301001,166.6822645330132,198.89320145605646,-0.011621849836798537,1.1932475360428256,1.770454938151652,0.3845307143277239,9.0,0.0006860603409106198
0.265,166.73036102341567,200.15918065930322,-0.010875559940908608,1.2004962949201123,1.7691344079753464,0.010634136981252595,10.0,1.7093881455753289e-09,166.47135607657972,199.09433202898373,-0.010983303114167509,1.1959675028861834,1.7693265352327252,0.10657873358513825,7.0,0.0009754077665192413,166.8132621722469,198.91857149186416,-0.011606632716936682,1.1924625710302708,1.770427997102348,0.5070716749588655,7.0,0.0006407616292906842
0.2675,166.7275196666325,200.15065755616067,-0.010876860037391134,1.2004656337259554,1.7691367080220488,0.010633814578952183,10.0,1.6828791434095775e-09,166.50110462782152,199.1547420206344,-0.01097231336708615,1.1961166411826711,1.7693070908881128,0.11619062094338517,7.0,5.029625845879956e-05,166.72385771821237,198.93580661973454,-0.011591011320402356,1.1932053956906699,1.7704003407297266,0.4119221783008413,7.0,0.0004972206829986801
0.27,166.72485390783876,200.14266124494497,-0.010878079811395103,1.2004368668127832,1.7691388659701441,0.010633492857081706,10.0,1.679366450980764e-09,166.55200279593453,199.21757318255334,-0.010960799330977267,1.196128355338013,1.7692867191393078,0.14614506841674313,8.0,0.00015671034086685165,166.68219559669788,198.9373603792378,-0.011573815586949643,1.1935129584000927,1.770369897621717,0.3697421369519418,11.0,0.0002205045450210211
0.2725,166.72235287612685,200.13515911585972,-0.010879224225998685,1.2004098770400529,1.7691408905994903,0.01063317084027915,10.0,1.6809426231406715e-09,166.6032201577843,199.2894272277584,-0.010949346556684947,1.1961919285774794,1.7692664560135345,0.173411081864856,8.0,0.00014260154151876666,166.88049119559057,198.96984277873142,-0.011549083780258151,1.1922894123407801,1.7703261136397206,0.5572102693467684,8.0,0.0009802111272913707
0.275,166.72000639936894,200.1281206548119,-0.010880297936808059,1.2003845547811196,1.7691427901460617,0.01063284776499529,10.0,1.6865024408338986e-09,166.65173906680715,199.34795589567767,-0.010938065752471138,1.1961948732846004,1.769246497377273,0.20242043491458617,8.0,0.00015167063983688296,166.87010015784907,199.0113280308764,-0.011539412247149938,1.192612264525662,1.7703089919430688,0.5329908142236093,8.0,0.00012651651117491416
0.2775,166.71780491771986,200.12151717751274,-0.010881305312319844,1.2003607969543422,1.7691445723379557,0.010632525215626742,10.0,1.683789395246892e-09,166.70212490410836,199.42247740956228,-0.010926800890988742,1.1962803564998081,1.7692265671724658,0.22796576758760523,8.0,0.00013352061422683442,166.88182976367563,199.04338683104888,-0.011520852073192644,1.1927205443092146,1.7702761349615774,0.5340341533259902,7.0,5.45013340005607e-06
0.28,166.71573946537674,200.11532179248925,-0.01088225045112201,1.2003385069353267,1.7691462444258148,0.010632201213667258,10.0,1.6914027413967738e-09,166.7455965607662,199.47273878091406,-0.010915872918005054,1.1962699039444877,1.7692072332176603,0.2546836337948122,8.0,0.00013960460879649964,166.9572236834783,199.07587812876642,-0.011502386476294146,1.1923765485354467,1.7702434460147658,0.5985976405561502,7.0,0.00033723188614644063
0.28250000000000003,166.71380163396142,200.1095092507857,-0.010883137198505755,1.2003175939215174,1.7691478132122151,0.010631883699531386,10.0,1.6575620496437315e-09,166.79054587099859,199.53389013546493,-0.01090501784107517,1.1963141501424857,1.769188028440963,0.27924915917694193,8.0,0.00012832513195255814,166.90720919691262,199.1053954673228,-0.011498915814254107,1.1929106982576387,1.7702373021071747,0.5387440411383437,9.0,0.00031251138746533674
0.28500000000000003,166.71198353679029,200.10405592599653,-0.01088396916211215,1.2002979730718473,1.7691492850793358,0.01063156145811206,10.0,1.6822671899255508e-09,166.83772036243178,199.60165066207583,-0.010894182442923117,1.196382030565204,1.7691688586878123,0.3038368084065155,8.0,0.00012840494213869755,166.86795842059328,199.13496078156155,-0.01149147545065654,1.1933684732909524,1.770224130939992,0.48963816007275796,15.0,0.00025644396630343275
0.28750000000000003,166.71027776990022,200.09893959338848,-0.010884749726869036,1.2002795644643611,1.7691506660153784,0.01063123877071348,10.0,1.684620482664147e-09,166.87938861745468,199.65968658405626,-0.010883641722472692,1.1964310765887654,1.7691502104714338,0.32615975610261216,8.0,0.0001165433530900622,166.9588378458554,199.18167320396344,-0.011463323863277808,1.1929986802367283,1.770174296921939,0.564946777867604,7.0,0.00039333786197548
0.29,166.70867738886957,200.0941394218027,-0.010885482068551389,1.2002622932161906,1.769151961638559,0.010630914935333635,10.0,1.6906372151817156e-09,166.91897632312626,199.7131234045074,-0.010873311117410855,1.1964674586662774,1.769131934173438,0.34793518829046377,8.0,0.00011365538082265756,166.96563861028565,199.21942435632465,-0.011446353622166838,1.1931761889122738,1.7701442568557928,0.55916382484412,7.0,3.0190244400187422e-05
0.2925,166.70717588039028,200.08963586823847,-0.01088616916666918,1.2002460890573754,1.7691531772198998,0.010630590977442012,10.0,1.6912989464708213e-09,167.1631372499173,199.87335141796876,-0.010855046033940163,1.1956783936110749,1.7690996211251822,0.5386867772610486,7.0,0.0009953714564420616,166.92595206453282,199.25605845673908,-0.011434502285745607,1.193679329021934,1.7701232783872434,0.5072659122864707,7.0,0.0002709153651441314
0.295,166.70576713318306,200.08541059820186,-0.010886813816664342,1.2002308860637763,1.7691543177048021,0.010630267115786296,10.0,1.6908172884756297e-09,167.02512715539638,199.85954079064228,-0.010849895457927583,1.1965836769260323,1.7690905092665015,0.4052802251822669,7.0,0.0006952299775095404,166.98323194260615,199.299246421224,-0.011409424314885563,1.193528500452819,1.770078887764349,0.550149802198149,8.0,0.00022389126083843173
0.2975,166.70444541265212,200.0814463907283,-0.010887418641314595,1.200216622270968,1.7691553877332207,0.010629949076005119,10.0,1.6604415711313532e-09,167.05984962118478,199.90148913599285,-0.010840010392551946,1.1965860713347813,1.7690730217773427,0.42601990918716126,8.0,0.00010815158128344148,167.15130795992366,199.3341812110514,-0.011389931894214222,1.1925373701463582,1.7700443849302814,0.7065808895731749,7.0,0.0008164511964101126
0.3,166.7032053477922,200.0777271490202,-0.010887986100988845,1.2002032398333247,1.7691563916578046,0.010629631452118815,10.0,1.6582881682683416e-09,167.3032905660662,200.06152613912582,-0.010822080562787162,1.1958015019443011,1.7690413028827128,0.6161151863576038,7.0,0.0009910865465102244,167.12843020572691,199.389863370574,-0.011371044579544298,1.1930337832117184,1.7700109538156146,0.6651424155355841,11.0,0.00021610295208027277
