eps_axial,mcc_p,mcc_q,mcc_eps_v,mcc_V,mcc_eta,evp_p,evp_q,evp_eps_v,evp_V,evp_eta,norsand_p,norsand_q,norsand_eps_v,norsand_V,norsand_eta
0.0,100.0,0.0,0.0,1.82,0.0,100.0,0.0,0.0,1.82,0.0,100.0,0.0,0.0,1.82,0.0
0.003,119.74782039354768,59.24346118064318,0.0022052828463281454,1.815990807546172,0.49473519422684514,119.96060856531544,59.88182569594624,0.0021893042093973523,1.8160198248357833,0.4991790756324993,119.61603954320742,58.84811862962245,0.0017697036111713773,1.8167819385426114,0.49197514693140687
0.006,123.51956495067459,70.55869485202402,0.004534029260921908,1.811766745757481,0.5712349689719229,123.6915978073288,71.07479342198629,0.004501428991310297,1.8118258108046292,0.5746129460846455,123.32257269933868,69.96771809801619,0.0034059386667015953,1.8138116869254335,0.5673553232513077
0.009000000000000001,126.8182330820954,80.45469924628637,0.006574010609359411,1.8080745426815539,0.6344095583968928,126.96089259368601,80.88267778105765,0.0065293447631569424,1.8081553036646152,0.6370676523195781,126.59957123270691,79.79871369812092,0.004917194351827459,1.8110726239364343,0.6303237279646092
0.012,129.76843507501033,89.30530522503129,0.008386280391601775,1.804800791180275,0.6881897371530291,129.88736306926228,89.66208920778652,0.008332470712653132,1.8048979095443451,0.6903064862435795,129.52856587739996,88.58569763220014,0.006316445331447117,1.8085402509199353,0.6839085805678368
0.015,132.44313081559935,97.32939244679847,0.010011386487804832,1.801870180333843,0.7348768626008263,132.5428451571499,97.62853547144957,0.009950479085457065,1.8019799309081723,0.7365809550541633,132.1691703380385,96.50751101411572,0.0076147080203887805,1.8061938140666514,0.7301817115692426
0.018000000000000002,134.88943997499712,104.66831992499152,0.01147833418392543,1.799228868830667,0.7759563680032526,134.97196008431433,104.91588025294314,0.011411847762810878,1.7993484970957052,0.7773161194918133,134.53232755699966,103.59698267099913,0.008820668734361603,1.8040169281688507,0.7700527044483518
0.021,137.1400711954063,111.42021358621928,0.012808995022040725,1.7968362976395365,0.8124555617844207,137.20764246674534,111.622927400236,0.012738118620291578,1.7969636554441235,0.8135328717370081,136.64659082427576,109.9397724728275,0.00993998590509431,1.8019987907239239,0.8045555458767897
0.024,139.21905175844435,117.657155275333,0.014020520257729575,1.794660703280389,0.8451225158427104,139.2723695992029,117.81710879760811,0.013946199416173541,1.7947940889307699,0.8459474706767853,138.57712415409833,115.73137246229521,0.010980696271750811,1.8001244074162939,0.83514052675535
0.027,141.14486504513454,123.43459513540363,0.01512676987161104,1.792676458307812,0.874524164204857,141.18558944288634,123.55676832865858,0.015049802713131116,1.7928144408308753,0.8751372488949438,140.35315500999968,121.05946502999954,0.011949951789188555,1.7983804721985472,0.8625346898783606
0.03,142.93228535209573,128.79685605628717,0.0161392113188442,1.7908623968304127,0.9011040139672594,142.96188615762335,128.8856584728694,0.016060277100328434,1.791003762733406,0.9015385984119283,141.98811898351138,125.96435695053478,0.012853810502617372,1.7967557247206014,0.8871471631028692
0.033,144.59350663864478,133.7805199159343,0.01706751261710878,1.7892007083355443,0.9252180338240683,144.61256577017858,133.8376973105351,0.01698718393126262,1.7893444382499004,0.9254914785429703,143.49917987356918,130.49753962070815,0.013697774195952537,1.7952399678351778,0.9093957173531152
0.036000000000000004,146.13886524583117,138.41659573749348,0.017919949453494132,1.7876761776194592,0.9471580027985883,146.14793777272547,138.44381331817607,0.017838725362537777,1.7878213858890357,0.9472854384949989,144.89301634618096,134.67904903854358,0.014486774843467427,1.793824080979524,0.9295068350069131
0.039,147.57731785483804,142.73195356451419,0.018703694019299735,1.7862756450314228,0.9671672831519413,147.57656520394875,142.72969561184564,0.01862200599337186,1.78642156832264,0.9671569155617303,146.18853745224746,138.5656123567429,0.015225264865438652,1.7924998488209591,0.947855521175902
0.042,148.9167661740011,146.75029852200333,0.019425025808669755,1.7849876122294361,0.9854518217950934,148.90785376659414,146.723561299782,0.019343292030146755,1.785133511973988,0.9853312474019275,147.38915751690018,142.167472550701,0.015917153650755644,1.7912600672229213,0.9645721228469575
0.045,150.16428262470933,150.49284787412816,0.0200894892935112,1.7838019470994313,1.0021880386179447,150.14729934172928,150.4418980251876,0.020008052013638054,1.7839472209931104,1.0019620644843423,148.50988425259874,145.52965275779675,0.01656602743009037,1.7900981425454041,0.9799324367546275
0.048,151.3262704381818,153.9788113145459,0.020702014446165398,1.7827096581008732,1.0175286212280483,151.3015432980023,153.90462989400672,0.020621186735382994,1.782853756265011,1.0172046268614552,149.55176854922908,148.65530564768795,0.017174963938529388,1.7890084182529051,0.9940056683365397
0.051000000000000004,152.40857938454144,157.22573815362483,0.02126701066013595,1.781702718378789,1.0316068740259643,152.3761199697487,157.1283599092461,0.02118706760448957,1.7818451588318365,1.0311875636447552,150.52424779203173,151.5727433760959,0.017746956536504016,1.787985411284099,1.0069656258007866
0.054,153.41659096974251,160.2497729092281,0.021788441221480357,1.7807739263015272,1.0445400454819993,153.37800107047036,160.13400321141123,0.021709674520358546,1.7809141975134235,1.0440480518313495,151.43169119134095,154.29507357402338,0.01828466231397781,1.7870242596300097,1.0189087393804803
0.057,154.35528232000394,163.0658469600127,0.02226988329176988,1.7799167931622635,1.0564319180340735,154.30976116587618,162.92928349762877,0.022192498129611136,1.7800545376415522,1.0558585682890598,152.28341245184578,156.8502373555381,0.01879051881842941,1.7861205103876854,1.0299889845529724
0.06,155.22927501021172,165.68782503063645,0.02271457691354372,1.7791254514823958,1.0673748558043366,155.17864341328118,165.5359302398438,0.02263883039308104,1.7792602191488387,1.0667442800036502,153.07929085424266,159.23787256272897,0.01926658424050353,1.7852704025425918,1.0402313185155156
0.063,156.04287314600327,168.12861943801119,0.023125465568225853,1.778394579182976,1.0774514468257692,155.98607943706313,167.9582383111894,0.023051517070692886,1.7785260936527163,1.07675145703599,153.82484569994992,161.47453709985075,0.019714938684395472,1.7844701480363254,1.049729881834709
0.066,156.80009370459524,170.4002811137871,0.023505230139507415,1.7777193361528485,1.086735837255391,156.73867311590155,170.21601934770462,0.02343329642490513,1.7778472187076968,1.0859860936926342,154.52320447168412,163.5696134150532,0.020137453981643176,1.7837163413599577,1.058544015924979
0.069,157.5046912501475,172.51407375044369,0.023856317659634148,1.7770953106298337,1.095294828243931,157.43806186977994,172.31418560933986,0.023786540325017282,1.7772193159302991,1.0944887377479549,155.1779872020758,165.53396160622816,0.02053586282637635,1.7830058345385789,1.066736104719973
0.07200000000000001,158.16017852461053,174.48053557383255,0.024180965876544728,1.7765184734456057,1.1031887874777688,158.0886763828121,174.2660291484365,0.02411349990243842,1.7766383320380774,1.1023308761625084,155.79458838876704,167.38376516630166,0.020911775157445762,1.7823357066215857,1.0743875438639447
0.075,158.76984398485246,176.30953195455828,0.024481224433938055,1.7759851386447623,1.1104724142160094,158.69460499280646,176.0838149784195,0.024416237263981573,1.7761005586431764,1.1095765668051618,156.37307205207435,169.1192161562236,0.021266540466772052,1.7817035078910328,1.0815111191260898
0.078,159.3367670530357,178.01030115910805,0.02475897327587325,1.7754919293265388,1.1171953871754963,159.25808544323723,177.7742563297115,0.024696596749102653,1.7756026818005408,1.116265185751425,156.91667793370013,170.75003380110104,0.021601557057415482,1.7811067076308662,1.088157333239273
0.081,159.86383163101527,179.59149489304707,0.025015938753443115,1.775035747808959,1.1234029177254152,159.78076145726672,179.34228437179968,0.02495625675986528,1.7751416886424085,1.1224272730717,157.42793213201602,172.2837963960489,0.021918061990723863,1.7805430677732623,1.0943661271722418
0.084,160.3537382748435,181.06121482453173,0.025253707810319194,1.7746137494043503,1.129136225774768,160.26772225812093,180.80316677436227,0.025196868313715433,1.7747146204232345,1.1281321293327409,157.90805752342868,173.7241725702869,0.022217241874101457,1.780010444784918,1.1001602786767963
0.08700000000000001,160.80901531439113,182.4270459431745,0.025473740547516475,1.7742233192388852,1.1344329519493597,160.71901716547688,182.15705149643068,0.02541980668718801,1.7743190125321078,1.133388286644891,158.36058819845374,175.0817645953621,0.022500202518812205,1.7795068431349592,1.105589254164387
0.09,161.23202912319422,183.69608736958347,0.02567738140906773,1.77386205165924,1.1393275168001817,161.13981606390138,183.41944819170416,0.02562649599982122,1.7739523176522771,1.1382627377393033,158.78754769511428,176.36264308534376,0.02276792933873585,1.7790304851965613,1.1106830834365877
0.093,161.624993686158,184.87498105847473,0.025865869184934834,1.7735277318550158,1.143851435610654,161.52942728325752,184.58828184977276,0.025818076990107696,1.7736124946633922,1.142753273842043,159.1892465542459,177.56773966273875,0.023021305871300093,1.7785797777226593,1.115450594222331
0.096,161.9899795714752,185.9699387144262,0.026040345992055576,1.7732183193924558,1.1480335956976293,161.89266869687975,185.67800609063974,0.025995771895702326,1.7732973607582654,1.1469204108204216,159.567636131943,178.70290839583004,0.023261225416779104,1.7781531128554597,1.1199195070362795
0.099,162.32892238358426,186.98676715075368,0.02620186536652603,1.772931933407773,1.1519005018027704,162.22895123188516,186.6868536956557,0.02616054816797779,1.773005187501795,1.1507616382775672,159.92502977979012,179.77508933937133,0.023488512499894063,1.7777490075468074,1.1241210308787428
0.10200000000000001,162.64363075298613,187.93089225895926,0.026351399577781556,1.7726668392503182,1.15547649415413,162.54194562132625,187.62583686397903,0.02631343173047798,1.7727341448719076,1.1543225728396944,160.26225955498384,180.7867786649524,0.023703898727649306,1.7773661461271968,1.1280683248006176
0.105,162.93579390390423,188.80738171171336,0.026489846257900317,1.7724214363994644,1.1587839429749094,162.8320915476906,188.49627464307238,0.02645527500388968,1.7724827122903422,1.157611333561144,160.58040403466168,181.74121210398621,0.023908083886712183,1.7770032713860178,1.1317770259486764
0.108,163.20698883041825,189.6209664912554,0.02661803442488637,1.7721942475061805,1.1618434225772207,163.10092658530493,189.3027797559149,0.026586900623308093,1.7722494235091555,1.1606480951345541,160.8802766254286,182.64082987628686,0.02410171177176829,1.7766592273101809,1.135259297828798
0.111,163.45868710456227,190.3760613136876,0.026736729967142294,1.771983908432392,1.1646738676660644,163.35145017776298,190.05435053328893,0.026709119397252703,1.7720328345933756,1.1634690131398724,161.16383956972808,183.4915187091852,0.024285439535263558,1.7763328356683763,1.1385402531924473
0.114,163.69226133504824,191.07678400514533,0.026846640646873324,1.7717891591792512,1.1672927140645089,163.58342527779905,190.7502758333974,0.02682258266437855,1.771831785364575,1.1660733690437362,161.4320391331924,184.29611739957818,0.024459818469483918,1.7760231076474788,1.141632840600628
0.117,163.90899129207867,191.72697387623666,0.0269484206722854,1.7716088356104296,1.1697160257339854,163.79750469598076,191.39251408794226,0.026927919898937405,1.7716451553339196,1.1684702672557783,161.68512828951233,185.055384868538,0.02462536441122952,1.7757291185645832,1.1445417820813986
0.12,164.11006971166196,192.33020913498632,0.02704267488194596,1.7714418618889132,1.1719586096874284,163.997930245466,191.9937907363979,0.027025831896645428,1.7714716985094219,1.1707086208284991,161.92448321540815,185.77344964622526,0.024782614314837977,1.7754499072854033,1.1472844992754483
0.123,164.29660779157533,192.8898233747265,0.02712996257923867,1.7712872435561382,1.174034120165306,164.183554384468,192.55066315340414,0.02711680057403557,1.7713105574014822,1.172776797744974,162.1511544511584,186.4534633534762,0.024932037012929953,1.775184634589304,1.1498744118386028
0.126,164.4696403903874,193.4089211711627,0.027210801050231017,1.7711440611910805,1.1759551532555468,164.35539436698664,193.06618310096025,0.02720133919030557,1.771160819587378,1.174687230951883,162.36570714404735,187.09712143214298,0.025074054686542002,1.7749325448982876,1.15231919795819
0.129,164.63013094055077,193.8903928216528,0.027285668794397675,1.771011464594291,1.1777333329806323,164.51532210245102,193.54596630735327,0.027279952972652625,1.7710215874090611,1.1764616440213609,162.568595199941,187.70578559982425,0.02520907871492508,1.7746929025350702,1.1546251314343177
0.132,164.77897608639321,194.3369282591802,0.027355008494341096,1.7708886674481474,1.1793793897425957,164.66286821235525,193.9886046370658,0.027353036473654432,1.7708921596806768,1.178095624976549,162.76067146312386,188.28201438937282,0.02533750189999061,1.7744650054539615,1.1568028854687493
0.135,164.917010057762,194.7510301732867,0.027419229747772052,1.7707749424100587,1.1809032319047947,164.80011775235306,194.40035325705972,0.027421037731373818,1.7707717408808945,1.179612951182397,162.94215036826859,188.826451104807,0.02545968924261204,1.774248201535988,1.1588557698424675
0.138,165.04500879005957,195.1350263701795,0.027478711582580924,1.7706696165999678,1.1823140111943344,164.92729927297714,194.78189781893167,0.027484314928426512,1.770659694953525,1.181016718745519,163.11485294017007,189.34455882051162,0.025576013729832797,1.7740418250272953,1.1608051345879735
0.14100000000000001,165.1636938014013,195.49108140420478,0.027533804773679213,1.7705720674475802,1.1836201825279482,165.0453610782428,195.13608323472866,0.027543223749172407,1.7705553905512077,1.1823178910325194,163.2780040021883,189.83401200656633,0.02568674493127797,1.7738453941203125,1.162642899554444
0.14400000000000002,165.2737358376019,195.82120751280613,0.02758483397843922,1.7704817188682358,1.1848295587946303,165.15498268999505,195.46494806998564,0.027598086643036552,1.7704582554233168,1.1835243774442097,163.43303048651626,190.29909145955014,0.025792220156502437,1.773658307244543,1.1643857480526276
0.147,165.3757582956393,196.1272748869183,0.02763209970591423,1.7703980377394526,1.1859493610684164,165.25693392918163,195.77080178754596,0.027649206603314547,1.7703677519809116,1.184645007824244,163.5796299705193,190.73888991155934,0.025892698616812742,1.7734801017417716,1.1660308190325088
0.15,165.4703404361513,196.41102130845445,0.027675880133592873,1.770320530652858,1.1869862646728644,165.35152013548964,196.05456040647,0.02769685034982984,1.770283407037768,1.1856834472753692,163.71942861532952,191.15828584599004,0.025988478695838948,1.773310245812013,1.1675968299103343
0.153,165.55802039537443,196.67406118612362,0.027716432784152985,1.770248740918641,1.1879464414737504,165.43900666127297,196.3170199838199,0.027741264044874592,1.7702047839563686,1.1866428839588472,163.85167837929836,191.55503513789662,0.02607976502722211,1.7731483742137129,1.1690758192569017
0.156,165.63929800675336,196.91789402026063,0.027753996073555293,1.770182245801767,1.1888355987371546,165.5189465896016,196.55683976880556,0.027782652167431414,1.7701315200199585,1.1875186727484517,163.9772004043149,191.93160121294633,0.026166819502860643,1.7729940204304582,1.1704773635585002
0.159,165.71463744222808,197.14391232668459,0.02778879074080797,1.7701206539710876,1.189659014855664,165.59475596512038,196.78426789536198,0.027821332192195264,1.7700630526130978,1.1883484277534193,164.09635466694002,192.28906400082172,0.026249863374519556,1.77284679025594,1.1718058234206565
0.162,165.78446968294077,197.35340904882287,0.02782102116881613,1.7700636031441754,1.1904215722151599,165.66511691713515,196.99535075140636,0.027857447917379194,1.7699991266567046,1.189117868729978,164.20960734050792,192.62882202152528,0.026329109198302492,1.7727063051181093,1.1730666989665641
0.165,165.8491948288234,197.5475844864708,0.027850876604931223,1.7700107579122146,1.191127787447892,165.72910467239603,197.1873140171891,0.027891142101776626,1.7699394889844746,1.1898170475667378,164.31721612752614,192.95164838258012,0.026404749365450626,1.7725722223879696,1.1742631291466799
0.168,165.90918425620538,197.72755276861685,0.02787853228907162,1.7699618077306474,1.1917818392939352,165.7888834674609,197.36665040238333,0.027922648173723582,1.7698837260220335,1.1904697484805737,164.41949378488025,193.2584813546423,0.02647696646408481,1.7724442169870942,1.175398834444131
0.171,165.96478263225387,197.89434789676213,0.02790415049663068,1.7699164650624866,1.1923875942720814,165.84468244522532,197.53404733567658,0.027952122657483806,1.7698315603816748,1.1910785707640492,164.51640793170478,193.54922379511578,0.02654593407935704,1.7723219799514924,1.1764736796068591
0.17400000000000002,166.01630979470747,198.0489293841228,0.027927881502793604,1.769874463662316,1.1929486303425625,165.89686134352084,197.6905840305629,0.027979715326928903,1.769782726678185,1.1916475238263076,164.60884514187472,193.82653542562582,0.026611840567447084,1.772205176283131,1.1774976931438201
0.177,166.06406250500922,198.19218751502808,0.027949864474324505,1.769835556990012,1.1934682587272591,165.9452702525043,197.83581075751366,0.028005548500554183,1.7697370081642574,1.1921750493791377,164.6967484349209,194.09024530476447,0.02667482410188544,1.772093560052408,1.1784704139526971
0.18,166.10831608258016,198.3249482477412,0.02797022829441536,1.7697995167440987,1.1939495440381482,165.9903560387591,197.97106811627808,0.02802975504708587,1.769694169461511,1.1926660851914277,164.78020106755903,194.3406032026787,0.026735030150935913,1.7719868725122594,1.1793929242931318
0.183,166.14932592761187,198.4479777828366,0.027989092325721797,1.7697661315054998,1.1943953228513045,166.03147705748603,198.09443117245866,0.02805242235999649,1.769654055704653,1.193113707612631,164.85983411749734,194.57950235249365,0.026792612762328798,1.7718848398184688,1.1802723410106963
0.186,166.18732893939176,198.56198681817617,0.028006567116302054,1.7697352054831894,1.1948082208517317,166.07033892756803,198.21101678270503,0.02807370876271659,1.7696163865366699,1.19353653435461,164.9355017420746,194.80650522622545,0.02684768828154296,1.7717872550282192,1.1811071792831056
0.189,166.2225448368165,198.66763451045006,0.028022755052812168,1.769706557353921,1.1951906686634202,166.10515590252155,198.31546770756523,0.028093647329495246,1.7695811032739244,1.193915183607824,165.0078674825086,195.0236024475275,0.02690039253709311,1.771693876760687,1.1819048717068033
0.192,166.25517738739742,198.76553216219287,0.02803775096495722,1.7696800191888469,1.195544916469229,166.1389726355361,198.4169179066082,0.02811242709623316,1.7695478712656267,1.194282802879016,165.0766470255423,195.22994107662885,0.026950826535458595,1.7716045254077937,1.1826623849854483
0.195,166.28541555071638,198.8562466521499,0.02805164268488325,1.769655435460417,1.1958730475163022,166.1695879876424,198.50876396292745,0.028130053655237654,1.7695166805005564,1.1946154911191693,165.1421571988289,195.42647159648848,0.026999106098952303,1.7715189951793215,1.1833833038840451
0.198,166.3134345419557,198.9403036258676,0.028064511564923733,1.7696326621234393,1.1961769905947146,166.19883374097893,198.59650122293715,0.02814666272343197,1.769487290721408,1.1949331818564384,165.20481295579734,195.61443886739394,0.02704534093497527,1.771437091182491,1.1840722759071982
0.201,166.33939682080324,199.01819046241056,0.02807643295682819,1.7696115657646962,1.196458531569716,166.22555132401124,198.67665397203385,0.028162283545347253,1.7694596500914435,1.195223311876813,165.26451639457912,195.7935491837393,0.027089620316774202,1.7713586547797682,1.1847282977325286
0.20400000000000001,166.36345301072495,199.09035903217574,0.0280874766553721,1.7695920228159376,1.1967193240413265,166.24975113343217,198.74925340029716,0.028176979687007258,1.7694336460528441,1.1954860205521805,165.32137247960492,195.96411743881683,0.027132039870796296,1.7712835161293043,1.1853525923455068
0.20700000000000002,166.38574275329157,199.1572282598756,0.028097707309024673,1.7695739188254538,1.1969608991990135,166.2722463787995,198.81673913639918,0.02819083713185036,1.7694091263935807,1.1957301562129448,165.37577457830065,196.12732373490394,0.02717269244741555,1.7712115103540707,1.1859495396772477
0.21,166.40639550196738,199.21918650590305,0.028107184800142297,1.7695571477838299,1.197184674933649,166.2939462529376,198.88183875881379,0.02820394077864829,1.7693859408332555,1.1959655973062853,165.42751103863822,196.28253311591658,0.027211652173660728,1.7711425057827133,1.186516873061529
0.213,166.42553125949146,199.27659377847502,0.028115964596965918,1.7695416114998075,1.1973919642639568,166.3141454057274,198.94243621718294,0.028216316880485946,1.7693640428681676,1.1961847005367945,165.47704443157696,196.43113329473272,0.027249008879847412,1.7710763429683305,1.1870597155604563
0.216,166.44326126272367,199.32978378817185,0.028124098079528786,1.7695272190224967,1.197583983130072,166.33296769471022,198.9989030841316,0.028228015987073182,1.7693433430107237,1.1963888208222009,165.52426054203974,196.57278162612099,0.027284830043503915,1.7710129020890704,1.187576860228266
0.219,166.45968861858208,199.37906585574717,0.028131632841427962,1.7695138861064574,1.1977618576026237,166.35130768889545,199.05392306668702,0.028239111277352846,1.769323711741636,1.1965876663798212,165.56936282527252,196.7080884758196,0.027319191135909256,1.7709520491965827,1.1880705773048617
0.222,166.4749088944615,199.4247266833854,0.028138612969249733,1.769501534716457,1.1979266305519516,166.36749479872316,199.10248439617027,0.028249585940648934,1.7693051787685572,1.196763133549922,165.61256557317265,196.83769671951998,0.027352162154507358,1.7708936600662124,1.1885432487461294
0.225,166.48901066630623,199.46703199891957,0.028145079301321346,1.769490092568927,1.19807926781853,166.38266345709087,199.14799037127378,0.028259515125629738,1.7692876110973663,1.1969275297881794,165.6537458611918,196.96123758357723,0.027383799544378896,1.770837634499324,1.1889935634091806
0.228,166.50207602729859,199.50622808189655,0.028151069667320828,1.7694794927073885,1.1982206639224535,166.3965075900385,199.18952277011695,0.028268922512466623,1.7692709668026727,1.1970775448056437,165.69305591954685,197.07916775864246,0.027414166543401546,1.7707838602910924,1.1894232179188928
0.231,166.51418105992866,199.54254317978683,0.028156619110175647,1.7694696731093076,1.198351647346908,166.41007499522794,199.23022498568525,0.02827787509494962,1.7692551273293098,1.197224536984305,165.73083243994068,197.19249731982387,0.027443329386813937,1.7707322199516504,1.189835918981971
0.234,166.5253962740263,199.57618882207973,0.028161760091551417,1.7694605763220563,1.1984729854278,166.42253970393668,199.26761911181092,0.028286374124559865,1.7692400904414942,1.1973595611886778,165.7668513848621,197.30055415458804,0.027471329135320622,1.7706826405889267,1.1902292437015283
0.23700000000000002,166.53578701316155,199.60736103948562,0.028166522682169973,1.7694521491257833,1.1985853888792706,166.43373180242102,199.30119540726412,0.028294440888840207,1.7692258184562937,1.1974807825847535,165.8013521334283,197.40405640028678,0.027498225386685816,1.7706350165039952,1.1906058295678208
0.24,166.54541383165758,199.63624149497383,0.028170934738060555,1.769444342221228,1.1986895159824942,166.44499289123246,199.3349786736981,0.02830214589243406,1.769212186617521,1.1976027347602964,165.83433820788954,197.50301462367054,0.02752406442730532,1.7705892655849644,1.190965735794002
0.243,166.55433284430447,199.66299853291451,0.028175022063801382,1.7694371099406014,1.1987859764630688,166.453892397754,199.3616771932625,0.028309430055243667,1.769199299434845,1.1976991004624444,165.86592218274,197.59776654822198,0.027548894847220756,1.770545301655826,1.1913102097640162
0.246,166.56259605072162,199.68778815216606,0.02817880856370771,1.769430409979835,1.1988753350803751,166.46431683042138,199.3929504912636,0.028316446582336174,1.7691868858435786,1.1978119652777413,165.8961023027748,197.6883069083265,0.02757276056512745,1.770503046825338,1.1916392498934554
0.249,166.57025163618002,199.71075490854116,0.028182316381864057,1.7694242031506027,1.198958114950478,166.47264181315248,199.41792543945732,0.028323092676386483,1.7691751277002157,1.1979020893011498,165.92507453095064,197.77522359285408,0.027595707298644252,1.77046242002986,1.1919550083189043
0.252,166.57734425056978,199.73203275171042,0.028185566031820958,1.76941845315066,1.1990348006225175,166.48193258340132,199.4457977502041,0.028329490742298243,1.76916380843735,1.198002658037917,165.9528299808487,197.85848994254826,0.0276177714583752,1.7704233566951784,1.1922574020905914
0.255,166.58391526708263,199.7517458012489,0.02818857651672827,1.7694131263511301,1.19910584092701,166.48977919892408,199.46933759677265,0.028335576341562904,1.7691530420481383,1.1980875856555986,165.97937145577924,197.93811436733975,0.027638989973171286,1.770385791339531,1.1925464750905812
0.258,166.5900030220667,199.77000906620103,0.028191365440600802,1.769408191599503,1.199171651613088,166.49639382182028,199.48918146546114,0.028341372646017323,1.7691427875281993,1.1981591726181697,166.00490284866254,198.01470854598983,0.027659404411300777,1.770349650277229,1.1928244596878494
0.261,166.59564303741047,199.78692911223234,0.028193949111385154,1.7694036200371586,1.1992326177904213,166.50309168163542,199.50927504490716,0.028346939083160157,1.7691329397334845,1.1982316546192529,166.02929300593482,198.0878790178068,0.027679042461719858,1.7703148844029055,1.1930899387177782
0.264,166.60086822671605,199.802604680149,0.028196342636423607,1.7693993849303593,1.1992890961903686,166.5094335858346,199.52830075750444,0.028352274580412683,1.7691235005547266,1.198300279213002,166.05277063618712,198.1583119085636,0.027697942800757467,1.7702814251675836,1.1933454115181132
0.267,166.6057090864323,199.8171272592981,0.028198560010881134,1.7693954615137077,1.1993414172598147,166.51567867024966,199.54703601074937,0.028357400762137597,1.7691144317294132,1.198367851029281,166.07526434827167,198.22579304481712,0.027716131937222274,1.7702492255700029,1.1935901100185726
0.27,166.61019387303799,199.83058161911492,0.028200614199653445,1.76939182684515,1.1993898871001367,166.52212126137124,199.5663637841133,0.02836233955419827,1.769105694462679,1.198437554556948,166.0968414345818,198.29052430374725,0.02773364094031187,1.7702182305421896,1.1938247746983504
0.273,166.61434876728194,199.84304630184667,0.028202517213240325,1.7693884596716671,1.1994347892628192,166.52801461281965,199.5840438384595,0.02836707676324122,1.7690973138590356,1.1985013110406417,166.11752577328502,198.35257731985683,0.027750497336600555,1.7701883912936698,1.1940496729439962
0.276,166.61819802642276,199.85459407926905,0.02820428017802333,1.769385340304875,1.1994763864123388,166.53306167268676,199.59918501806155,0.028371612678842667,1.7690892894011283,1.198555908437958,166.13740306189456,198.41220918568533,0.02776673112413695,1.770159654664679,1.1942657434687767
0.279,166.6217641253367,199.8652923760109,0.0282059134013702,1.7693824505057874,1.1995149218661953,166.53804424781484,199.61413274344562,0.028375983454997783,1.769081557124744,1.198609805014957,166.15649481458942,198.46948444377003,0.027782365738697683,1.770131979117116,1.194473226371548
0.28200000000000003,166.6250678873038,199.8752036619121,0.02820742643193767,1.7693797733780794,1.1995506210211833,166.54181917307662,199.6254575192311,0.02838015933362026,1.7690741696703127,1.1986506362811655,166.17481027006164,198.52443081018689,0.027797424637826633,1.770105323078903,1.1946722279240263
0.28500000000000003,166.6281286052225,199.8843858156683,0.028208828115537255,1.7693772932692078,1.199583692674344,166.5466655894547,199.6399967683653,0.02838422598488502,1.7690669754772315,1.1987030545570165,166.1924372517046,198.57731175511572,0.027811933714534446,1.7700796406713044,1.1948637076328752
0.28800000000000003,166.63096415395057,199.89289246185277,0.02821012664687754,1.7693749956788314,1.1996143302463969,166.55049890501786,199.6514967150556,0.028388120568385536,1.769060085711594,1.1987445130915815,166.2093557078799,198.62806712364144,0.027825913344540508,1.770054895785809,1.1950474525196935
0.291,166.63359109441768,199.90077328325418,0.028211329617504454,1.769372867173964,1.199642712914869,166.55506228506053,199.6651868551834,0.028391909512629477,1.7690533828542632,1.1987938650189724,166.22558888011375,198.67676664034306,0.027839384848745315,1.770031050644453,1.1952237196382198
0.294,166.63602477011048,199.90807431033258,0.028212444060202953,1.76937089531039,1.1996690066636186,166.55886586301807,199.67659758905643,0.02839554914288705,1.769046944165761,1.1988349977915624,166.24121084322385,198.72363252967327,0.027852370105060247,1.770008066486803,1.1953933174673663
0.297,166.63827939648613,199.91483818945952,0.028213476490132238,1.7693690685598646,1.1996933652549169,166.56170306960655,199.68510920882224,0.028399038852360163,1.7690407707166533,1.1988656787771517,166.25623565547667,198.76870696643172,0.02786488767848797,1.7699859104195335,1.1955564023374665
0.3,166.64036814383127,199.921104431495,0.02821443294293053,1.7693673762426771,1.1997159311298349,166.56565844018084,199.6969753205455,0.028402455317035204,1.7690347268616757,1.1989084496205633,166.2706524518147,198.81195735544588,0.02787695524997452,1.769964551116907,1.1957128598690119
