eps_axial,undrained_dense_p,undrained_dense_q,undrained_dense_eps_v,undrained_dense_eta,undrained_dense_hardening,undrained_dense_psi,undrained_loose_p,undrained_loose_q,undrained_loose_eps_v,undrained_loose_eta,undrained_loose_hardening,undrained_loose_psi,drained_dense_p,drained_dense_q,drained_dense_eps_v,drained_dense_eta,drained_dense_hardening,drained_dense_psi,drained_loose_p,drained_loose_q,drained_loose_eps_v,drained_loose_eta,drained_loose_hardening,drained_loose_psi
0.0,250.0,0.0,0.0,0.0,91.96986029286059,-0.12,250.0,0.0,0.0,0.0,91.96986029286059,0.1200000000000001,250.0,0.0,0.0,0.0,91.96986029286059,-0.12,250.0,0.0,0.0,0.0,91.96986029286059,0.1200000000000001
0.001,234.44901393751778,56.06043036291276,0.0,0.23911565854507386,104.61846321097394,-0.12488093114240562,224.86836661102333,36.46392405803339,0.0,0.1621567524484606,93.19230016527521,0.11194812496511264,260.4699102968494,31.40973089054877,0.0008245680114513716,0.12058871158957318,105.62755310933078,-0.1184689288618681,251.0563872673071,3.1691618019208505,0.0009269158781690593,0.012623306805361422,93.21803583561679,0.11831428672411137
0.002,218.82568123321272,96.93956557154179,0.0,0.44299903478069735,114.91699600800101,-0.13012209656413065,201.17067046263494,61.897931473859174,0.0,0.307688647313804,92.77607460832759,0.10348464798835488,270.09447209711965,60.28341629136007,0.0016164702063730715,0.22319381741986768,118.88618558431017,-0.11723414942671917,252.12125426424672,6.363762792739884,0.001849839796353861,0.025240881857862184,94.48317694855257,0.1166402707687868
0.003,204.51850680942937,125.44623368480492,0.0,0.613373506592711,122.94368084569413,-0.13526098609576243,179.82992720109758,79.3147879640447,0.0,0.44105444070691147,91.45019033391601,0.09496184844955158,279.095211907498,87.285635722495,0.002374790809083305,0.3127450131657025,131.86849996687926,-0.11619990978766925,253.22209091903105,9.666272757092917,0.0027671261701682007,0.03817310220451404,95.79844953139241,0.11498971001684
0.004,192.1926118170298,144.4792585162256,0.0,0.7517420006434585,128.87594250523188,-0.13998517752285144,160.9726722006601,90.18385391638348,0.0,0.5602432554760911,89.30370077139824,0.08654280080715693,287.55573594113554,112.66720782340775,0.003099874864888147,0.391809982348853,144.56397587701127,-0.11532250003994304,254.35983382699646,13.079501480989121,0.003678591053622781,0.051421253443203536,97.16578168479359,0.11336311715204084
0.005,182.0686468194723,157.12895464295468,0.0,0.8630203903187887,133.27160799009644,-0.1440978612395708,144.60721022474152,96.17239224249136,0.0,0.6650594537646144,86.57021315399452,0.07839457929343085,295.5195492096719,136.5586476290163,0.0037923567074891478,0.4620968324911987,156.93286837196007,-0.11457500180869806,255.53483055739002,16.604491672169722,0.004584060272157599,0.06497936753260161,98.58643898806837,0.11176080005351352
0.006,174.02006937235927,165.73904096336366,0.0,0.9524133714067411,136.6525992788241,-0.14753406158996973,130.5824945021292,98.74233474184496,0.0,0.7561682376977024,83.4859634824314,0.0706413630730982,303.04571154345405,159.13713463036254,0.004453198815678942,0.5251258426323043,168.9812364889056,-0.11393082855484915,256.74570811347496,20.237124340424018,0.005483363615374572,0.07882166556599159,100.0596137741493,0.11018254347583634
0.007,167.78787225117884,171.99535117775235,0.0,1.0250761802395045,139.48334623467855,-0.1503057905112547,118.65445569010265,99.05236109375387,0.0,0.8347968099272663,80.25415646443237,0.06336135093296824,310.18216240887136,180.54648722661503,0.005083499006911366,0.5820659893028436,180.71659721400567,-0.11336962895966751,257.9888105646379,23.96643169391305,0.006376367009899783,0.09289717504204847,101.5816541534899,0.10862738658925819
0.008,163.08395045140247,176.93955486706594,0.0,1.084959950855448,142.06792854054981,-0.152466882030858,108.54040401631684,97.94919347087763,0.0,0.902421493254742,77.02574889463422,0.056590279551534506,316.9757264056357,200.92717921690817,0.005684427178574898,0.6338882207017343,192.1595436526709,-0.11287384626541253,259.2600684418151,27.78020532544416,0.007262948548446965,0.10715188610574165,103.14828481226952,0.1070942399215209
0.009000000000000001,159.6529085439475,181.2279164285218,0.0,1.1351369547936259,144.61441341019682,-0.15408286732676346,99.96511170053408,96.03704002308737,0.0,0.9607055740685405,73.91311063873106,0.05033538464355902,323.4417811586879,220.3253434760652,0.00625694848838116,0.6811901130607755,203.2888235493513,-0.11243485606053782,260.55862637537655,31.67587912612835,0.008142994623889944,0.12156910545150848,104.75912510250657,0.10558295580134747
0.01,157.28181408993984,185.23827952335904,0.0,1.1777476028947163,147.23839389175265,-0.15522005128143934,92.67615392869064,93.69569665597422,0.0,1.0110011333451328,70.97302324286592,0.04458142146583466,329.6191954394683,238.85758631840645,0.006802282860180705,0.7246470764542309,214.13114702816495,-0.11204015195338357,261.8809556411563,35.6428669234675,0.00901640548761594,0.1361033177697248,106.41039941825794,0.10409258499614027
0.011,155.8009584336732,189.21513257222438,0.0,1.2144670640956043,150.02043203690576,-0.1559390040891625,86.45525821646258,91.1667183022966,0.0,1.054495934464017,68.23249930354287,0.039300624831598796,335.54013528753563,256.620405862608,0.007321585194324903,0.7647979447904237,224.70977611988042,-0.11167989169158588,263.2271375160663,39.68141254819741,0.009883082126253936,0.15074970203547275,108.1028009582056,0.10262323919912086
0.012,155.07692112036793,193.30961364234707,0.0,1.246540183063756,153.01054673659792,-0.15629301406493912,81.12148638497814,88.61150924988783,0.0,1.0923309371991077,65.70714147769147,0.03446100782752226,341.1942982217564,273.5828946652704,0.007815522092811196,0.8018389993359661,234.9774507526294,-0.11135372835775603,264.5941107981573,43.78233239446997,0.01074294692896803,0.16546979168356787,109.83300667885051,0.10117408073423362
0.013000000000000001,155.00403129210608,197.5626755727149,0.0,1.2745647576120571,156.19920836483504,-0.15632874426382337,76.52662136104284,86.12542817060874,0.0,1.1254309498949386,63.397900201406586,0.0300295093102938,346.6229365538778,289.86880966163517,0.008285402042665063,0.8362655182126962,244.98326647278506,-0.11105146946599798,265.9832653942224,47.94979618266457,0.011595906812718767,0.1802737330545838,111.60332871248713,0.09974559504335656
0.014,155.47075952974023,201.59659809726594,0.0,1.2966849760498034,159.26798164501164,-0.15610024666061328,72.54971207863943,83.76253624815581,0.0,1.1545536687638729,61.29744140392121,0.025973643057962237,351.8531916160159,305.5595748480488,0.00873229381147489,0.8684291691220802,254.75623169785393,-0.11076639606901628,267.39206701066183,52.176201031982025,0.012441893994874633,0.19512995136800967,113.41103374837608,0.09833708961454857
0.015,156.3536170879963,205.3798410816072,0.0,1.3135598965134192,162.16363699504655,-0.15566989317483915,69.09000318390328,81.53743822404545,0.0,1.180162606260267,59.384970074135694,0.02226013393486248,356.87457916537915,320.62373749613846,0.009156755597759048,0.8984213396369661,264.25849466586266,-0.1104994123549694,268.8165986883337,56.449796064997365,0.01328084870846043,0.2099937144523033,115.25148243072064,0.09694747928136627
0.016,157.55561976291804,209.00188890500257,0.0,1.3265276682577134,164.93859778160788,-0.15508786092441673,66.06745321012174,79.47413671082974,0.0,1.2029241759640592,57.65420062377262,0.018860364365158144,361.7126964096478,335.13808922894447,0.009559849913286329,0.9265311739275888,273.52157770572524,-0.11024488189738602,270.25460121467717,60.76380364402717,0.014112725678966008,0.22483910864392406,117.12207240370196,0.09557613800608977
0.017,159.00421175993736,212.5171549017969,0.0,1.3365504759248312,167.62713021994168,-0.15439229724718417,63.41624107236866,77.57071889512164,0.0,1.2231995713306363,56.08800433372089,0.015747690012308357,366.3707197991413,349.11215939742505,0.009942257129216595,0.9528931776775773,282.53711169445666,-0.1100015534702865,271.70813668197883,65.12441004593192,0.01493747589237077,0.23968516674256568,119.02586193138984,0.09422367047368052
0.018000000000000002,160.64375838102458,215.9446473927071,0.0,1.344245488084987,170.24043020555925,-0.15361264808556274,61.08182961001778,75.8197067913794,0.0,1.2412808731411105,54.669503340445225,0.012897267243516142,370.85582576320763,362.5674772896239,0.010304715010526736,0.977650752940104,291.30583094174494,-0.10976764468125233,273.17232472711555,69.5169741813423,0.015755068839766906,0.25448029646043396,120.9566886559774,0.09288869847444547
0.019,162.43119891409276,219.31252624228702,0.0,1.3501872036189173,172.79937455645043,-0.15277168617547676,59.020044996963584,74.21799770971435,0.0,1.2575049326636851,53.38774411042819,0.010287632268120461,375.1863343402329,375.55900302069966,0.010648135444583533,1.0009932895906832,299.8518275994979,-0.10953964668073857,274.65068323483786,73.95204970450932,0.016565461537766037,0.2692585681328061,122.91953463877739,0.0915722240948913
0.02,164.33344378950102,222.64058518064854,0.0,1.3548099525367134,175.31955034435325,-0.15188681538590287,57.19414641735731,72.762464275323,0.0,1.2722012449379088,52.23396597166053,0.007899288634376056,379.38291760006337,388.1487528001911,0.010973395279525596,1.0231055084282115,308.2058925307088,-0.10931378982166629,276.1379969842405,78.41399095271817,0.017368627853434803,0.2839666826336592,124.90764497993594,0.09027278940845185
0.021,166.32561225751107,225.94570692901678,0.0,1.3584540821001148,177.8148054173869,-0.1509710283673823,55.57158241972441,71.38366431957462,0.0,1.2845353904163421,51.1877611553752,0.00571203943332943,383.4343638144872,400.3030914434628,0.011280838989423277,1.0439937815201588,316.3371443242754,-0.10909187592361591,277.63301285545975,82.89903856637655,0.018164554352654055,0.298592151249445,126.91948555359959,0.08899002567976666
0.022,168.38866193031882,229.2259129282912,0.0,1.3612906611440831,180.2841990918902,-0.15003414713593222,54.12692891616219,70.04906512466752,0.0,1.294162933817422,50.24206919310126,0.003710188855945429,387.3432074587882,412.02962237636615,0.01157104115180063,1.063732665094442,324.24224192284237,-0.10887342819055801,279.1380903706737,87.41427111201799,0.018953218828675827,0.3131578029925569,128.95845691740556,0.08772457434914949
0.023,170.5072561763516,232.49048878199068,0.0,1.3635225502751114,182.73583090473707,-0.14908391285071365,52.841543063218445,68.84443812819814,0.0,1.3028468537687135,49.39156903301521,0.001883594058262661,391.1236409234765,423.370922770431,0.0118447715682309,1.0824477952056692,331.9421623879867,-0.10865616731859251,280.6525152071756,91.95754562152362,0.019734606076951995,0.3276562319551679,131.0237818235345,0.0864762161642203
0.024,172.67002884219085,235.752411385656,0.0,1.365334870020311,185.18066461470542,-0.14812596542250878,51.6957527370205,67.75561872265325,0.0,1.3106612271868887,48.62527765826093,0.00021751782235579498,394.7805994594573,434.3417983783732,0.01210257788422592,1.1002105953866124,339.44026486845553,-0.10843934047875692,282.16934120841785,96.50802362525067,0.020508707652340575,0.3420216498785644,133.1059299273899,0.08524304380693426
0.025,174.86835809499908,238.99956389999352,0.0,1.3667399094017596,187.60958987013325,-0.14716448745171629,50.67280847036855,66.77428507255472,0.0,1.3177537833057285,47.93634773868585,-0.0013014319647732808,398.3328135735539,444.99844072066304,0.012345273961891952,1.1171523549075932,346.7688925758072,-0.10822015550686459,283.69269287906735,101.07807863719961,0.021275529379928312,0.3562942619755357,135.21070113432523,0.0840261262992501
0.026000000000000002,177.0949139463632,242.2500718194981,0.0,1.3679109491132448,190.03754307840518,-0.14620290699405125,49.75842705061424,65.88952362028519,0.0,1.3241882335481066,47.31656475020222,-0.0026853621294089525,401.7680332911456,455.304099873438,0.01257304291467781,1.133251185127257,353.89772333853324,-0.10800064976914348,285.2218343565255,105.66550306957397,0.02203506365733212,0.37046779152781395,137.3371601311344,0.08282524260797741
0.027,179.3442899163098,245.49844686621586,0.0,1.3688668146656724,192.46054913619068,-0.14524366995559224,48.94049815348552,65.0927463317694,0.0,1.3300384913865764,46.75944173060224,-0.0039450317588840544,405.0928601760591,465.2785805281784,0.012786449191407841,1.14857265152973,360.83529880227724,-0.1077800080263508,286.7500069567073,110.25002087011941,0.022787317750877677,0.3844813189028611,139.47573137159387,0.08163854860886821
0.028,181.61244620917796,248.74553206802187,0.0,1.3696502484280246,194.87958569295353,-0.14428852974135553,48.2087617729012,64.3795649828525,0.0,1.3354328677041676,46.26142659353227,-0.005089930169165813,408.3232648856103,474.9697946568316,0.012986193234785566,1.1632200158614328,367.61029820744386,-0.10755600687285172,288.28296253043663,114.84888759130737,0.023532312929626768,0.3983894385683016,141.63458091142144,0.08046750732364538
0.029,183.8960919486659,251.99752037939567,0.0,1.3703255882661176,197.2998370618838,-0.14333884284518417,47.55466789283308,63.74101703219988,0.0,1.3403735081452692,45.81610695630574,-0.006128153385279944,411.45138271295764,484.3541481388738,0.013172511862591925,1.1771843976929242,374.20238297691594,-0.10733006780193033,289.81870388893805,119.45611166681174,0.02427005608137424,0.4121753015381255,143.81087130727437,0.07931154808331997
0.03,186.1926324433665,255.25271862635645,0.0,1.370906653376823,199.72017089592745,-0.14239561325493344,46.96980534172396,63.16926779964364,0.0,1.3448909856036695,45.41784905962254,-0.007068653122843882,414.48046852169955,493.44140556509944,0.013345846827111537,1.1905058091760625,380.61453763407764,-0.10710194557134989,291.3538472512153,124.06154175364355,0.025000559339716743,0.4258105493512616,145.99966546652507,0.07816973894397306
0.031,188.50064130527173,258.51236932999166,0.0,1.3714137391784138,202.14169198673585,-0.14145932267107886,46.447498418274385,62.65990733143319,0.0,1.349048053506799,45.063385075207634,-0.007918511515776494,417.42494736399897,502.27484209199764,0.01350684417125481,1.2032698219495939,386.8737276793145,-0.10686979262373875,292.8898599352026,128.66957980560554,0.025723846839597466,0.4393104624177557,148.20301838921498,0.07704240026435571
0.032,190.81787023343887,261.77388718909157,0.0,1.371852053839863,204.56253904290122,-0.14053075428343764,45.98157441877916,62.20793665356992,0.0,1.3528883566928018,44.74910881250961,-0.008684731987531391,420.27660373463095,510.8298112038934,0.013655670848605889,1.2154609765678015,392.9595412603216,-0.10663504067674268,294.42737193482947,133.28211580448647,0.026439944694505176,0.4526824898399325,150.42180544675625,0.07592962427091021
0.033,193.143099875148,265.0461883903177,0.0,1.3722788365810088,206.98988013386077,-0.1396102460709715,45.566902972486375,61.809242958579176,0.0,1.3564503823290348,44.47206075793929,-0.009373225042715871,423.05405390090306,519.1621617027098,0.01379304331956705,1.227176898355214,398.9086831954527,-0.10639532410438557,295.96164293023355,137.8849287906991,0.02714886458919829,0.46588783406369466,152.64893912107308,0.07483015144515659
0.034,195.47556945998045,268.313875828437,0.0,1.372621021489689,209.41159914333534,-0.13869793880898984,45.198627914272066,61.45775304945484,0.0,1.3597260776592897,44.22798764348709,-0.00998995823964477,425.73962676144504,527.2188802843369,0.013918911120691047,1.2383598968572258,404.68093988786575,-0.10615340270545259,297.49647954927747,142.48943864783078,0.027850645228265664,0.47896176406426605,154.88994667767645,0.0737448741675566
0.035,197.81405741224498,271.59052163352146,0.0,1.372958652111999,211.83854317414244,-0.13779414086093167,44.872560268434924,61.150865273890524,0.0,1.3627674665335818,44.01499574552446,-0.010540217425481835,428.3543869431306,535.0631608293941,0.014034029120706941,1.2491132976313615,410.31890879348146,-0.10590662946955587,299.029392275137,147.0881768254099,0.028545303848951417,0.49188534848130927,157.14101730066136,0.07267310983757058
0.036000000000000004,200.15841538247884,274.8664749320597,0.0,1.3732446592706216,214.26310833484615,-0.13689873588261825,44.584950212520816,60.88513099416004,0.0,1.365598272599655,43.83064551429026,-0.011028906177171782,430.8887775090026,542.6663325270097,0.014138484930915853,1.259411618153995,415.79994952495565,-0.10565659695620666,300.55967409287973,151.67902227863857,0.0292328743287586,0.5046552660014075,159.40094943504263,0.07161460467856995
0.037,202.50628973279265,278.138963740546,0.0,1.373483085920693,216.68330396313797,-0.1360124378255766,44.332584231316126,60.65751539690634,0.0,1.368237752178192,43.67279522295574,-0.011460314137189842,433.34918321901904,550.0475496570587,0.014232713432700415,1.2692940726717814,421.1357406950432,-0.10540273434394853,302.08666860238213,156.26000580714586,0.029913392363693544,0.5172687908741221,161.6685932401635,0.07056911752311823
0.038,204.8580451743082,281.42545402931256,0.0,1.373758369068958,219.11289536083171,-0.13513491672748568,44.11251007268835,60.46441328795176,0.0,1.3706863016481907,43.53892788585962,-0.01183853003951807,435.74134164067164,557.2240249220165,0.014317108449094082,1.2787954037685136,426.33684991722606,-0.10514454348724389,303.6115835394052,160.8347506182147,0.030586891826098674,0.5297385190092402,163.94564026974822,0.06953688101292443
0.039,207.2137079998388,284.7093080295276,0.0,1.3739887711953358,221.5387762950977,-0.1342659791037325,43.9218946376739,60.30343321422983,0.0,1.372969761702964,43.42735437199162,-0.012167646724024594,438.0647754220095,564.1943262660304,0.014391910937670142,1.2879244301770534,431.4005552223722,-0.10488234670286145,305.1333656088638,165.4000968265906,0.031253405836267345,0.5420583766595006,166.230335140494,0.06851756014698984
0.04,209.57215245568895,287.9937433615166,0.0,1.3741985277476632,223.96358015047122,-0.13340585543441985,43.758415357846864,60.17236127343213,0.0,1.375103755045871,43.33652023297717,-0.012451049911460066,440.3155384323318,570.9466152969976,0.014457308691307048,1.2966760549258731,436.3166610239236,-0.10461697194141517,306.65050284551774,169.9515085365522,0.031912966137551624,0.5542189135824415,168.52017748348337,0.06751071441089174
0.041,211.93362940414653,291.29740762964246,0.0,1.374474680816952,226.40196555164937,-0.13255426984017105,43.619785013050645,60.06825258012636,0.0,1.377087313982737,43.264376529775404,-0.012692206515738436,442.5099449488324,577.5298348464994,0.014513903892247793,1.3051228372127985,441.11931170636353,-0.10434654958758183,308.1658975102825,174.4976925308464,0.032565629297198286,0.5662459536913035,170.81950350570114,0.06651694724876522
0.042,214.2991103650479,294.6018919795788,0.0,1.374722888385953,228.83939734879996,-0.13171070067257074,43.503974586447335,59.989428043440746,0.0,1.3789413177463807,43.20974174383754,-0.012894254674502115,444.6410729470169,583.9232188410535,0.014561780559701167,1.3132462436969548,445.79209269517764,-0.10407226162550853,309.6727954637057,179.01838639111574,0.03321139887249934,0.5780888376812456,173.11759787754403,0.06553458930760314
0.043000000000000003,216.66780287638952,297.89992927918814,0.0,1.374915540400537,231.270243505868,-0.1308752655703257,43.40917214649262,59.933964794528194,0.0,1.380675139168042,43.171274699576486,-0.013060052107108255,446.71409536584736,590.1422860975447,0.014601271304775983,1.3210737969085873,450.34512867335735,-0.1037936883085151,311.1770071601739,183.53102148052065,0.03385035207061467,0.5897962164860423,175.4233436729392,0.0645649177824934
0.044,219.03824304794614,301.20600053630795,0.0,1.3751297323471308,233.70598677734142,-0.13004830789010235,43.33369572239199,59.90002476360916,0.0,1.3822967038709508,43.1476931433027,-0.013192309889683562,448.7255524913892,596.1766574741705,0.014632532031018178,1.32859975137166,454.76966667680256,-0.10351155970917525,312.67291520875983,188.01874562627887,0.03448250930513893,0.6013272543953668,177.72769019920904,0.0636065235369423
0.045,221.4115646377256,304.5182917434186,0.0,1.375349531726911,236.14513301132934,-0.12922926252600064,43.276023657634006,59.885976494779,0.0,1.383814210116667,43.13786154755682,-0.013293524339997198,450.6818684428276,602.045605328486,0.014655916654843304,1.335854951095864,459.0788191085645,-0.10322531080329511,314.16137780206026,192.48413340618015,0.035107922645843836,0.6126919061561292,180.0317312102183,0.06265952369625416
0.046,223.78678370108003,307.8281412713916,0.0,1.3755420949369763,238.5809786190407,-0.12841830551200106,43.23474645600415,59.89013685686724,0.0,1.3852315964848243,43.14060944985176,-0.013366048664027685,452.5849506279891,607.7548518839698,0.014671680176671706,1.3428525430213112,463.2758450563459,-0.10293497200418478,315.64957081607594,196.94871244822662,0.03572668644619486,0.6239473474937355,182.3467280864253,0.06172546393387779
0.047,226.16429026622774,311.1490518415434,0.0,1.3757656059463517,241.02407083314102,-0.12761514183021416,43.20854096554067,59.91112982995408,0.0,1.3865575761452793,43.15497909953638,-0.013412127830973786,454.43632303142306,613.3089690942722,0.0146800512930027,1.3496037574704687,467.36325109917647,-0.10264059839793438,317.1320314002725,201.39609420081607,0.03633878347306435,0.6350544071867065,184.6638116531358,0.060803061757692456
0.048,228.5436386057173,314.4507432446111,0.0,1.3758892838277614,243.45079405456923,-0.1268197647857755,43.19621687395987,59.94756589375256,0.0,1.3877966690617984,43.18000550879853,-0.01343380790947668,456.2337058759209,618.7011176277658,0.014681168112389075,1.356105674919227,471.3351576305386,-0.10234271565322761,318.60869459446366,205.82608378338978,0.036944269001887346,0.6460152760280834,186.98267284922815,0.059892195265985215
0.049,230.92329975588532,317.7702329080046,0.0,1.3760856234252987,245.89017863505615,-0.12603252266056397,43.196562179475734,59.99605409822982,0.0,1.3889080767343134,43.21334702292727,-0.013433200376775645,457.9800513660493,623.9401540981503,0.01467530311013707,1.3623740864631115,475.1973598127328,-0.10204123479859495,320.0799061844567,210.23971855336882,0.03754318620049292,0.6568351042699043,189.30367868928408,0.058992865557482066
0.05,233.30468047839196,321.08929237349196,0.0,1.3762659699543849,248.327905578962,-0.12525279145025092,43.206920882263745,60.044846138842686,0.0,1.3897043555235347,43.24691072482979,-0.01341497746751874,459.6757561297147,629.0272683891462,0.014662648271365038,1.3684151491592753,478.95001361996196,-0.101736348539054,321.5419608763459,214.62588262903566,0.03813556263370243,0.667489499796804,191.6205760512103,0.05810414712229828
0.051000000000000004,235.6876772229753,324.4213430849809,0.0,1.3764883548750746,250.77445336298445,-0.124480457708663,43.2240907860441,60.09257978865607,0.0,1.390256653080563,43.2797473000467,-0.013384781993017514,461.3261228695108,633.9783686085336,0.014643504678985298,1.3742520468277464,482.60432731184216,-0.10142765338055426,322.9969660141536,218.9908980424584,0.03872146480401826,0.6779967649382265,193.93655672682004,0.05722641665987793
0.052000000000000005,238.0725212180292,327.75029276670375,0.0,1.3766825801224944,253.21727331444046,-0.12371530405002706,43.245866939335116,60.1395963887196,0.0,1.3906437919971137,43.31208775891642,-0.013346503087172223,462.92983337002295,638.7895001100703,0.01461801258689065,1.3798840646320618,486.1567530338258,-0.10111554369485165,324.4431639842891,223.32949195286432,0.0393009434833226,0.6883470411590453,196.24849460589863,0.056359169128819
0.053,240.45881103946232,331.0747161503611,0.0,1.3768458503108358,255.65530684575626,-0.1229573201208235,43.27072629076714,60.18604884173968,0.0,1.3909183875793143,43.34403600536744,-0.01330282797953597,464.4876234557441,643.462870367234,0.014586357074807597,1.3853175797880921,489.6083967483499,-0.10080016310542617,325.883455828266,227.65036748479565,0.039874064312842586,0.6985637454537207,198.5609532970814,0.05550296211542283
0.054,242.8460237736784,334.40199498809704,0.0,1.3770124369001187,258.0943444401464,-0.12220653250108648,43.297651265154386,60.232092381423676,0.0,1.3911168532575344,43.375698537716524,-0.01325555209942375,466.0037902763071,648.0113708289234,0.014548796170882923,1.3905710304302434,492.9683939890894,-0.10048121768057472,327.3180107860774,231.95403235822997,0.04044086788197086,0.7086503788813084,200.8740336480577,0.054657758919386845
0.055,245.23377798294533,337.73134665673587,0.0,1.3771811919001764,260.53380882103716,-0.12146292144824178,43.32596209475494,60.27782174518856,0.0,1.3912633172082707,43.407141949146556,-0.013205874579800714,467.47883477834995,652.436504335052,0.014505497311088513,1.3956492910409466,496.2374131782886,-0.10015887070641882,328.74654970990025,236.23964912969862,0.04100140032087977,0.7186072350817564,203.1870894546558,0.053823406881188696
0.056,247.62266028983535,341.0662757025697,0.0,1.3773629412726656,262.97639661823735,-0.12072616947328185,43.35515083666053,60.323193300829566,0.0,1.391373161820973,43.43833648754572,-0.01315469054688645,468.91286776464597,656.7386032939394,0.0144566086147994,1.4005557288813106,499.4152774289155,-0.09983331561128084,330.16445570502975,240.4933671150875,0.04155567234629633,0.7284047781628717,205.4921653783919,0.052998829466996966
0.057,250.0123358594637,344.394496731278,0.0,1.377510015845251,265.4126023483568,-0.11999624999124159,43.38490600750938,60.36828440977384,0.0,1.3914582274149645,43.46933588898862,-0.01310254870710681,470.30049275857283,660.9014782757199,0.014402165557482235,1.4052749007324377,502.4894390723305,-0.0995054246796484,331.5742979535358,244.7228938606058,0.04210376723369811,0.7380635211203835,207.79332375337015,0.05218446447887981
0.058,252.40173086916903,347.72068781791035,0.0,1.3776477943336662,267.8461485694378,-0.11927335864773048,43.4150067936206,60.41322303682709,0.0,1.3915285865094973,43.500228654343154,-0.013049837598020808,471.6519549236713,664.9558647710156,0.014342557708130014,1.4098443944298442,505.482616189061,-0.09917421418220895,332.97790378735976,248.93371136207742,0.04264575169036975,0.7475982896482131,210.09344918038295,0.05138060458334803
0.059000000000000004,254.790968359526,351.05425320354755,0.0,1.3778127830190119,270.28431009338277,-0.11855732550012987,43.44531842653872,60.457975801261505,0.0,1.3915878163832387,43.53099236542885,-0.01299679418172106,472.9641153856693,668.8923461570095,0.014277845233129216,1.4142560173123797,508.38740923070776,-0.09884024711475448,334.3724050438676,253.1172151316014,0.043181647802137596,0.7569919386690835,212.3874727000266,0.050586560655481616
0.06,257.18062051895936,354.3836886083408,0.0,1.377956425695052,272.71816647939477,-0.11784785299439882,43.47574240095633,60.50255769919978,0.0,1.3916394374870735,43.56163655741114,-0.012943591376137542,474.2393305846694,672.7179917540095,0.014208216459923859,1.4185200348622378,511.2088310621112,-0.09850344546941592,335.7601766079383,257.28052982381377,0.043711525402435496,0.7662627903732492,214.67922887229463,0.04980274198268275
0.061,259.569995986981,357.7190078108955,0.0,1.3781215600467063,275.1555058672041,-0.11714502333563293,43.506190915127604,60.54683355992369,0.0,1.3916831670701573,43.592069304946556,-0.012890382920465848,475.477208235086,676.4316247052601,0.01413379947594101,1.4226373272781943,513.945711272924,-0.09816406229009078,337.1391308088858,261.4173924266564,0.04423541663610977,0.7753991409998806,216.96494355497975,0.04902862098055749
0.062,261.95965535188355,361.04422126498554,0.0,1.3782436107575584,277.58395788888873,-0.11644855140053612,43.536611909250475,60.59095118571967,0.0,1.3917240806890983,43.622392399116244,-0.012837259731127926,476.68054034460266,680.041621033809,0.01405479341415194,1.4266192207934316,516.6041374120438,-0.09782197902047818,338.50890838088253,265.5267251426469,0.0447533678074812,0.7844009967497879,219.24377792149136,0.04826403627336262
0.063,264.34898435313113,364.376760585662,0.0,1.3783928902821452,280.0170345557008,-0.11575849907037428,43.56696808826365,60.6347937513997,0.0,1.3917606942158063,43.65252511169736,-0.012784286714439874,477.8510209879952,683.553062963986,0.013971354931591878,1.430473166198715,519.1877189599671,-0.09747717732091643,339.8687191000134,269.60615730003974,0.04526543306173147,0.7932655821164365,221.51413324765244,0.047508714942139374
0.064,266.7378410911531,367.7105410096434,0.0,1.3785465890607724,282.4500467983389,-0.11507479038912061,43.597239744524664,60.67856775116385,0.0,1.3917983823456257,43.682609455478115,-0.012731497937359615,478.98696695248395,686.9609008574522,0.013883562340432379,1.4341953920545807,521.69242447284,-0.09713003012209775,341.22021155830083,273.6606346749022,0.04577168065850418,0.8020059345990547,223.77864290313207,0.04676290064426203
0.065,269.1265326782762,371.05015522258435,0.0,1.3787200820743728,284.88652954436236,-0.1143972243035195,43.62743762432253,60.72221811429657,0.0,1.391835537928627,43.712608166760084,-0.012678874321530476,480.0910073053375,690.2730219160126,0.01379159901073927,1.4377961915812338,524.1240387589987,-0.09678042615623317,342.56420203966013,277.69260611898045,0.04627216476271965,0.8106293782758737,226.03853381997044,0.04602667554964901
0.066,271.51575761596155,374.38377451991295,0.0,1.3788657343764572,287.31733098821866,-0.1137254963214197,43.657541809152306,60.765605235452924,0.0,1.3918695995548267,43.742424875689,-0.012626450223991004,481.1627507720667,693.4882523161995,0.013695569910548072,1.4412758493949052,526.4814997653707,-0.09642858760844863,343.8993318902013,281.6979956706036,0.046766924822617524,0.8191292321572258,228.29124103263277,0.04529966863311352
0.067,273.9051567410604,377.7249693600784,0.0,1.3790356262520653,289.7529391463018,-0.11305960511540569,43.68753746514438,60.808831592230476,0.0,1.3919033921457837,43.77213018259996,-0.012574251062596797,482.2034006291887,696.6102018875648,0.013595613969745443,1.444639753636357,528.7673881228058,-0.09607455063029324,345.22427010359274,285.6728103107784,0.04725599759974378,0.8274992086305389,230.53421873420587,0.044581524982806986
0.068,276.29453393200043,381.0591530653508,0.0,1.379177313580638,292.18214487714806,-0.11239950366067475,43.717425901508555,60.85187540672614,0.0,1.3919363766709403,43.8017093463242,-0.012522274122964916,483.2138385003037,699.6415155009091,0.013491861545588714,1.4478921333716508,530.9835767186843,-0.09571838861041826,346.5395018722231,289.6185056166696,0.047739451708570316,0.8357445660652517,232.7680948486325,0.04387222645361333
0.069,278.6832264517127,384.3882306253381,0.0,1.3793016376317175,294.60646876154533,-0.11174527293104275,43.74719792697871,60.89475950201298,0.0,1.3919693691846593,43.83117737854184,-0.012470534941474654,484.1922143684526,702.5766431053555,0.013384373606823588,1.451028377277294,533.1257014560318,-0.095360474243398,347.84728488998263,293.5418546699477,0.04821735136893045,0.8438814026183626,234.99666335918397,0.043172149438335916
0.07,281.07089078517794,387.7173829657898,0.0,1.3794291606743496,297.02992958295454,-0.11109690399783745,43.77685193721666,60.93751788173006,0.0,1.3920031976973737,43.860558571259006,-0.01241903584224846,485.14459065952565,705.4337719785758,0.013273399350294956,1.4540691281738913,535.207496451712,-0.09500029716654212,349.1479785058875,297.44393551766285,0.04868975200608523,0.8519136693573817,237.2203976065035,0.04248126773380312
0.07100000000000001,283.4575191557257,391.0443492065582,0.0,1.3795518650247076,299.4508022093182,-0.11045429741292712,43.806415638889206,60.98019932758515,0.0,1.392038093923619,43.88988579674016,-0.01236772829288113,486.07007081707206,708.2102124512149,0.013159014486678415,1.4570125892769548,537.2268166356168,-0.0946381140303818,350.4416223084909,301.3248669254731,0.04915669115504629,0.8598432598860054,239.4392146479607,0.04179952146740051
0.07200000000000001,285.84323137972444,394.3813957488806,0.0,1.3797122074406238,301.87848553220573,-0.10981732235106312,43.83587346460978,61.02261039958965,0.0,1.3920701374607105,43.919026356012296,-0.0123166389189735,486.9706145723718,710.9118437171144,0.013041354411401444,1.459866001034568,539.1880510823319,-0.09427384894537438,351.72248439686274,305.16745319058833,0.04961816246764456,0.8676370341062857,241.642682956553,0.04112569388251908
0.073,288.2288050451976,397.7177767435511,0.0,1.379868249744103,304.30470924554487,-0.10918567812980673,43.86521727346051,61.06487354214075,0.0,1.3921023840245843,43.94806476861829,-0.0122657814088305,487.84213058121424,713.5263917436422,0.012920413625275457,1.462617406359611,541.0817687496288,-0.09390810404360372,352.9955393565142,308.9866180695426,0.050074277478210034,0.8753272594685,243.8394939329902,0.04046064816242145
0.074,290.61360071464475,401.03836729663095,0.0,1.3799710898266353,306.71793197760746,-0.10855944378843796,43.89445746439272,61.10710460278892,0.0,1.3921371428809466,43.97707972718223,-0.01221513731517998,488.68646351242046,716.0593905372612,0.01279633452630028,1.4652736345316464,542.9121177663616,-0.0935408357095534,354.25963817207133,312.7789145162137,0.05052507328755997,0.8829086941151632,246.02741113969262,0.039804071555427756
0.075,292.9969448786548,404.36428905162745,0.0,1.3800972881102758,309.1343851534478,-0.10793870393104854,43.92358912536908,61.149035444481754,0.0,1.3921684603220124,44.00588772623656,-0.01216471473345826,489.5051546070956,718.5154638212861,0.012669243750645237,1.4678404446997233,544.6825573101831,-0.09317202044087847,355.5125760921893,316.5377282765676,0.05097057112252498,0.8903699884711954,248.20226545094636,0.039155461645335565
0.076,295.37912479548106,407.6988967044835,0.0,1.3802562959950946,311.55661471277557,-0.10732329255635176,43.95260715437877,61.190841680328184,0.0,1.3922005005391827,44.034609315676775,-0.012114522067451672,490.2989055041425,720.8967165124267,0.012539244448420727,1.4703208765501432,546.3946442648848,-0.09280172269535047,356.76092731294153,320.2827819388247,0.05141089637528176,0.8977518484188737,250.37578319722073,0.03851597826898834
0.077,297.7609427762737,411.01989163742644,0.0,1.3803687206426238,313.96754172093347,-0.10671291686458695,43.981519861518386,61.232504320187054,0.0,1.3922325675189413,44.06323151888237,-0.012064544524116316,491.0682212782098,723.2046638346284,0.012406436874248037,1.4727172977151457,548.0494993873217,-0.09243003333714428,358.00016051938513,324.00048155815523,0.05184603758581796,0.9050288723002154,252.53961173154008,0.03788468564599401
0.078,300.1408124451094,414.3416110112532,0.0,1.3804907357843217,316.37821778777254,-0.10610789756682959,44.01032669078759,61.27406033920998,0.0,1.3922655191749826,44.09177949240854,-0.012014782661206036,491.8147391954258,725.4442175862765,0.012270941447896835,1.475035536293711,549.6508265144284,-0.09205690786347509,359.2249703007121,327.6749109021362,0.05227598645900239,0.9121718644108596,254.6838789057662,0.03726049080768701
0.079,302.51949642617126,417.6623673632089,0.0,1.3806130589839118,318.7873207805036,-0.10550795455191919,44.03902966988732,61.31539702051452,0.0,1.3922967304259273,44.12017597054823,-0.011965232577502816,492.53883872142677,727.6165161642792,0.012132844079367414,1.4772774428369682,551.1994815971425,-0.09168243245210306,360.44109596775587,331.3232879032673,0.0527008703470384,0.9192161815336025,256.81884258465584,0.03664436575437735
0.08,304.8966250553897,420.98108275499544,0.0,1.380733823073696,321.1940596106844,-0.10491309810424954,44.067617468934145,61.35661080966119,0.0,1.3923287514446425,44.148487256512524,-0.011915913419996205,493.2395037532848,729.7185112598539,0.011992198875337666,1.4794405267767328,552.6931075605281,-0.09130684878140494,361.64858195364303,334.94574586092824,0.05312074329495141,0.9261635813737613,258.94442671874117,0.0360362198939439
0.081,307.2725133045447,424.29994347992726,0.0,1.3808587657803093,323.60009454843924,-0.10432316828827626,44.09609577231595,61.39761516524818,0.0,1.392359438855227,44.17665379694211,-0.01186681496321107,493.9206729993573,731.7620189980723,0.011849176126309894,1.4815375403390425,554.1407163024846,-0.09092985690758992,362.8485461965362,338.54563858960734,0.053535656810488726,0.933021896155634,261.0625384685305,0.03543619248301488
0.082,309.64671950616736,427.615256913079,0.0,1.380977836920252,326.00264150254776,-0.10373819523975814,44.124459544922914,61.43848700530534,0.0,1.3923906975620879,44.20472871483132,-0.01181794547276982,494.58016260583787,733.7404878175134,0.011703790749534194,1.48356230858834,555.5372953367319,-0.09055180602535173,364.0376366988235,342.11291009646885,0.053945616807000406,0.9397734618838506,263.16684189588943,0.03484357998572252
0.083,312.01937467663447,430.92957445123983,0.0,1.3810987695807018,328.40364650255003,-0.1031580681580263,44.152708137374624,61.479101460613975,0.0,1.3924197190652687,44.232625780502374,-0.011769305645372263,495.22096076134113,735.6628822840233,0.011556187354744204,1.4855245245537112,556.8896827420693,-0.09017249709963626,365.2178017773083,345.65340533192335,0.05435070679564932,0.9464308794637718,265.2607603253649,0.034258631571786324
0.084,314.3906020625519,434.2452496666516,0.0,1.3812284680833211,330.80490065105727,-0.10258268095535084,44.18083479967198,61.51960228033747,0.0,1.3924499742769512,44.26044394782127,-0.011720906671759845,495.8383679003384,737.5151037010146,0.011406317041193178,1.4874103164385462,558.1870926933339,-0.08979254401727998,366.39082686984966,349.17248060954796,0.05475099048716185,0.9530055203417578,267.3474659183241,0.033681597928809204
0.085,316.76003562051267,437.54641815569994,0.0,1.3813182502602466,333.19436996982125,-0.10201204762111915,44.20884910302386,61.5600010735607,0.0,1.3924814222171198,44.288191320948634,-0.011672731657843771,496.43730404970944,739.3119121491283,0.011254376146529958,1.4892352087930507,559.4408343106358,-0.08941155170337411,367.55182208735977,352.6554662620777,0.05514644536140344,0.9594714134712098,269.41771307201157,0.03311152142922147
0.08600000000000001,319.1270004107065,440.8553073790441,0.0,1.3814415790944579,335.5889973666075,-0.10144625481613911,44.23676821066525,61.600240855429234,0.0,1.3925122324052992,44.3158291733192,-0.01162475071055269,497.0176775721938,741.053032716582,0.011100422182208672,1.490999347018077,560.6506846633985,-0.08902963136004982,368.7029302476741,356.1087907430206,0.05553715750883779,0.9658420411896552,271.4753109298491,0.03254868401542588
0.08700000000000001,321.49230299311404,444.1567144662874,0.0,1.381546961874856,337.97719617042,-0.10088503596998966,44.26457384512153,61.640285028126,0.0,1.3925421544506629,44.343331308230646,-0.011576994863260026,497.5779685832562,742.7339057497687,0.01094448250933131,1.492698537004241,561.8131736301791,-0.08864705526542827,369.84713687693227,359.5414106307951,0.05592320732935553,0.9721351736472509,273.52570509976096,0.0319935468449557
0.088,323.85574054545395,447.4598895314204,0.0,1.3816642211676908,340.36600695802565,-0.10032836873028261,44.292273567204994,61.680201911269805,0.0,1.3925724950127472,44.3707454386956,-0.011529450737457925,498.1185526716127,744.3556580148381,0.010786632859353143,1.494334338728312,562.9291731547432,-0.0882638979927669,370.9842208631997,362.95266258959765,0.056304634145773476,0.9783506741744585,275.5683597463721,0.03144599068377496
0.089,326.2168389201711,450.7494502801779,0.0,1.3817479556611156,342.7437982445798,-0.09977629417364209,44.31986320317355,61.719969294052746,0.0,1.3926028835222861,44.398056071968085,-0.011482125111922148,498.642605763213,745.9278172896398,0.010627011522871118,1.4959167320809597,564.006005458591,-0.08787992720553273,372.1092529257735,366.3277587773191,0.05668141502586808,0.9844629121608872,277.5938741913521,0.03090506260963166
0.09,328.5755467986777,454.0451477745618,0.0,1.3818592168478103,345.12555898312655,-0.09922875398212583,44.34734515820794,61.759544201860336,0.0,1.392632275540618,44.425233795253995,-0.011435013475318279,499.1482703663822,747.4448110991477,0.01046563248231155,1.497440451011705,565.039401772553,-0.0874954426116401,373.2248868364302,369.67466050929,0.05705363967238157,0.9904877020467927,279.6070758021077,0.030371135305139463
0.091,330.93201740328647,457.3326187743806,0.0,1.381953376294375,347.50040182905184,-0.09868564412918557,44.3747297671808,61.7990889724297,0.0,1.3926640071200123,44.45239029108626,-0.011388097747754955,499.63850500352675,748.9155150105811,0.010302625593639961,1.498914730371501,566.0362091234715,-0.08711023134050899,374.3307827481109,372.9923482443316,0.057421351607905485,0.9964244604893209,281.6071774784691,0.029844061566792313
0.092,333.28571177436265,460.6157761334199,0.0,1.3820447737803438,349.8713296501099,-0.09814702098477579,44.402018123838566,61.83840306982811,0.0,1.3926935234646078,44.47938716878098,-0.01134137571252447,500.11238175142654,750.3371452542808,0.010138019286121316,1.500337069493362,566.9942856998357,-0.08672448000460908,375.4277161171773,376.2831483515312,0.05778460547841811,1.002278553760498,283.595504505431,0.02932389792133283
0.093,335.63671910557076,463.9039365984156,0.0,1.3821608608100469,352.24539543950783,-0.09761279673206047,44.429198287319075,61.877574340292895,0.0,1.392723180376494,44.506285511449335,-0.011294867456250524,500.56953666273256,751.7086099881996,0.009971861350667183,1.501706665970519,567.9128460780029,-0.08633832624629956,376.51589178666114,379.54767535998315,0.058143448104981496,1.0080522061338113,285.5723188132414,0.028810599788666513
0.094,337.98613352343534,467.1908907721046,0.0,1.3822782784066803,354.6178471475566,-0.09708265967075247,44.456275027568964,61.91662767743671,0.0,1.392753388335841,44.533102376773144,-0.01124856444978839,501.01004753260554,753.0301425978183,0.009804204927106095,1.50302403376214,568.7920751650317,-0.08595185101830449,377.5945927117686,382.7837781353056,0.05849791262422453,1.0137427429409671,287.53612158077533,0.028303964429721606
0.095,340.3334838463718,470.47748832418023,0.0,1.38240141113049,356.9893609981567,-0.096556655904661,44.48325028922146,61.955449180302615,0.0,1.3927815251241829,44.55975882375396,-0.01120246301308403,501.4361965653262,754.3085896959801,0.009635160631034412,1.5042962491793512,569.6372580771902,-0.0855649111360951,378.6666544668732,385.9999634006194,0.058848078229973066,1.0193661333715027,289.4922022124186,0.02780440962466968
0.096,342.67920308709023,473.76229744825196,0.0,1.3825242185118762,359.3588357564806,-0.09603462939879648,44.5101190377976,61.99422990780003,0.0,1.3928120447207764,44.586386882968995,-0.011156571392859416,501.8473032717641,755.5419098152929,0.009464760299134687,1.5055215100082868,570.446861698409,-0.08517766337359767,379.72693357643703,389.18080072931144,0.05919391761191308,1.0248964882839193,291.43060760739667,0.027310967188333368
0.097,345.0228381481475,477.040360613328,0.0,1.3826341559699715,361.7225575820549,-0.09551662321731491,44.53689402074427,62.03282766730251,0.0,1.392841351675962,44.6128886434836,-0.011110867473202335,502.2437379468043,756.7312138404134,0.009293061142937563,1.5067011426244272,571.221768875238,-0.08479015381318955,380.7798397832197,392.3395193496594,0.05953554008570948,1.0303579085831347,293.3596453169418,0.026824308127778584
0.098,347.36440640486325,480.309226081119,0.0,1.3827243586992755,364.0786941521997,-0.09500257600642203,44.56357124300933,62.07131314335962,0.0,1.39287115937991,44.63931243013753,-0.01106535774557682,502.6251677297238,757.8755031891723,0.009120102265600475,1.5078343701179404,571.9612355019154,-0.08440250076740108,381.8239418998311,395.47182569949405,0.05987296496830813,1.0357439183403627,295.2764597291709,0.026344114744341063
0.099,349.7028788169394,483.5752862257396,0.0,1.3828175731972714,366.4321288446845,-0.09449265516002947,44.59014490208397,62.109581820899336,0.0,1.3928993044827844,44.66558668833489,-0.011020051767614003,502.9927780276018,758.9783340828058,0.008945962225352997,1.508924913512688,572.6680298390564,-0.08401466853947726,382.8573795769638,398.5721387308927,0.06020620718341344,1.0410459873368323,297.177342919284,0.025869996109601834
0.1,352.03853668820517,486.839167393752,0.0,1.3829144160570626,368.78331645396656,-0.09398674044618172,44.6166134346943,62.14773165099919,0.0,1.3929280343512698,44.691778938385085,-0.01097495185422348,503.3469595967138,760.0408787901413,0.008770694454263917,1.5099741128844664,573.3430737292991,-0.08362669427860203,383.8814322922655,401.64429687679797,0.06053533269169244,1.046271747186274,299.0646247807619,0.0254020826823107
0.101,354.3719973499287,490.1046150407743,0.0,1.3830229778478091,371.13506773798173,-0.09348464245420895,44.64297577994102,62.18569907876135,0.0,1.39295595762464,44.717844741029865,-0.010930059460820596,503.68779749393025,761.0633924817902,0.008594344326804214,1.5109823908151387,573.9866100491124,-0.08323864628727451,384.89499054833453,404.6849716450053,0.06086037275056103,1.0514165722668338,300.9360351713827,0.02494010114637657
0.10200000000000001,356.70303707965564,493.3642305853775,0.0,1.3831231565185804,373.48182061195763,-0.09298635564761126,44.66923046602185,62.22356243846133,0.0,1.3929848754791596,44.743838717968416,-0.010885376739757202,504.01554734353607,762.0466420306078,0.008416960901607717,1.5119506651075552,574.5992551926653,-0.08285057444333421,385.90211476373827,407.7063442912167,0.061181426485689014,1.0565019695236126,302.7993258331667,0.024484660277596992
0.10300000000000001,359.0312874088448,496.62815963237387,0.0,1.383244795228226,375.83122800764164,-0.09249190500272275,44.69538148540273,62.26126051540414,0.0,1.3930132923406937,44.76971852911771,-0.010840896548185208,504.33158995135904,762.994769854077,0.008238619818365024,1.5128831607150866,575.1842231501685,-0.08246241015066991,386.90022293706056,410.7006688111833,0.06149849009847357,1.0615157202377588,304.6493938237339,0.024035265392364336
0.10400000000000001,361.35780575997296,499.88106911939724,0.0,1.3833410020522332,378.1717276689851,-0.09200101470167155,44.721441932478164,62.29885427024103,0.0,1.3930421645237154,44.79552636545023,-0.010796596293309202,504.63439044849616,763.9031713454877,0.008059322387598811,1.5137754893529258,575.7380095755693,-0.08207438272401213,387.8880909873301,413.6642729619919,0.06181159245818231,1.0664526253153355,306.4837355675482,0.023591626456074266
0.105,363.68134819299274,503.12962879824806,0.0,1.383435337825615,380.50838932148264,-0.09151389665160437,44.747407630412056,62.33627467187985,0.0,1.3930700787572268,44.82121418402595,-0.010752482769819771,504.9254273950493,764.776282185147,0.007879144958339234,1.5146321430685101,576.2640635168802,-0.08168641084151251,388.8675871992832,416.6027615978504,0.062120804484010715,1.0713229266504893,308.3058788514036,0.023153974541421096
0.106,366.0015465155473,506.3692610564172,0.0,1.3835167252084473,382.83780635340435,-0.09103057528532943,44.77326900588434,62.37358828672762,0.0,1.3930988214983846,44.84682783156699,-0.01070857191783725,505.2047514383425,765.6142543150262,0.007698127819476309,1.5154533921846245,576.7625276249581,-0.08129855984748935,389.83814795831046,419.5144438749322,0.06242615522703192,1.0761246585847093,310.1146150940826,0.022722148099946216
0.107,368.3189347249344,509.6146886941641,0.0,1.383623378132192,385.171022338359,-0.09055088802862021,44.79903833935812,62.410765512544835,0.0,1.393127348845655,44.872347461923745,-0.010664842567637889,505.4718363845193,766.4155091535573,0.007516295328757161,1.5162378078974406,577.232225856205,-0.08091095157133965,390.79965493859487,422.39896481578523,0.06272768231151907,1.0808580802922036,311.9096131945215,0.022296055747255128
0.108,370.63390514146926,512.8500271796237,0.0,1.3837105026424152,387.4960916033741,-0.0900747051987173,44.824709202606996,62.44768088246812,0.0,1.393153062080237,44.8976865674977,-0.010621305319669982,505.7278321312861,767.1834963938579,0.00733371481345896,1.5169888775168268,577.6758514066164,-0.08052353808777801,391.7518528345174,425.25555850355306,0.06302542626114645,1.0855227752635241,313.6902587904822,0.021875573774916335
0.109,372.94558440421724,516.0818476945776,0.0,1.3837993242875402,389.81800203443817,-0.08960215803342508,44.85028014793749,62.48463973134946,0.0,1.3931828190425009,44.92305507251282,-0.010577962311505429,505.97356903311527,767.9207070993451,0.007150440180340734,1.5177091336347763,578.0953429891548,-0.08013629437704584,392.6946807061883,428.08404211856583,0.06331942831683592,1.090119278796281,315.45632425044914,0.021460615033721098
0.11,375.25390044626005,519.3025908790821,0.0,1.3838699351599444,392.1310940488659,-0.08913321203880542,44.875756648740655,62.52132413496774,0.0,1.3932093585484373,44.94823441025425,-0.010534803955643657,506.20786887452556,768.623606623576,0.006966476698672405,1.5183952164404142,578.4880312991597,-0.07974940440126954,393.6300223234694,430.89006697040895,0.0636097503108034,1.0946575274594292,317.21142820459596,0.021051426039297993
0.111,377.55884005056765,522.5257892830342,0.0,1.3839585618311856,394.44551764919487,-0.08866782151630936,44.90113387473957,62.55796442930291,0.0,1.3932379659680867,44.97338319167209,-0.010491838127443476,506.43221497917403,769.2966449375214,0.00678189533120903,1.5190515575103316,578.8573530169598,-0.0793627781248164,394.55688357871077,433.67065073613304,0.06389641777548982,1.099133404549054,318.95351616580183,0.020647769252708503
0.112,379.8604649052019,525.7402365388573,0.0,1.3840351526712873,396.7528809593519,-0.08820592669468763,44.926412929093125,62.59439011376546,0.0,1.3932648086673984,44.99838346574582,-0.010449062648206997,506.64585733915226,769.937572017456,0.006596710157691067,1.51967604365914,579.2016335456049,-0.07897655231818324,395.47591580700595,436.42774742101864,0.06417947708349227,1.1035507599254093,320.6837879876814,0.02024968275564576
0.113,382.1587158571034,528.9571892543825,0.0,1.384129596699215,399.0616242809955,-0.08774749308471297,44.95158351576873,62.6306160488382,0.0,1.3932905395172068,45.023246224561284,-0.01040649461792098,506.85000602883423,770.5500180865026,0.0064109840040565864,1.5202722875032713,579.5236792348039,-0.07859066302813045,396.38527751133734,439.1558325340129,0.06445893401950233,1.107901472252466,322.39850264195104,0.01985680788865074
0.114,384.4539802662292,532.169281407849,0.0,1.384221021822505,401.3662234626165,-0.0872923985703139,44.97665823767544,62.66683423773496,0.0,1.3933190391019548,45.04810318457293,-0.01036411240567836,507.04399752119485,771.1319925635842,0.006224730926184147,1.5208384209919579,579.8220044892415,-0.07820523428468173,397.28566542903536,441.8569962871071,0.06473484534682868,1.1121896276069725,324.0989403548522,0.01946917118382152
0.115,386.7458818390812,535.3727537041874,0.0,1.384301110482018,403.66387954657193,-0.08684067382061789,45.00164550849156,62.70287433908908,0.0,1.3933462572442465,45.072837455423794,-0.010321901504788178,507.22845802711083,771.6853740813327,0.006037997080719915,1.5213763381550782,580.0980869094501,-0.0778202582611478,398.17909249251966,444.5372774775596,0.06500727537441098,1.1164254624592347,325.7890186726945,0.019087033834581657
0.116,389.03430927497635,538.5668272564926,0.0,1.3843684590703387,405.9540390065237,-0.08639229684068883,45.02654158383906,62.73875868203023,0.0,1.393372808018381,45.09746378694367,-0.010279867963166378,507.40410744253126,772.2123223275945,0.005850830063300285,1.521888197200011,580.3536130015171,-0.07743571614047084,399.0646106782729,447.1938320348197,0.06527624304851008,1.1206050851633864,327.4667696277961,0.018710181732961795
0.117,391.31896137770724,541.7667098864961,0.0,1.3844632214577874,408.2480823944086,-0.08594728286447817,45.05133321380621,62.77446783294268,0.0,1.3933986711342237,45.12196946411316,-0.010238033851753148,507.5711935950173,772.7135807850524,0.005663263430746829,1.5223747733043886,580.5891851111282,-0.07705163320346065,399.9384553323084,449.81536599692566,0.06554172972105864,1.1247114649757162,329.1245943081636,0.018337943314267635
0.11800000000000001,393.6005287043034,544.9559081892812,0.0,1.3845405898798606,410.53365779904954,-0.08550545511685093,45.07602463557471,62.810044637032455,0.0,1.3934246674331119,45.14638416615511,-0.010196391710096453,507.72884828775415,773.1865448632635,0.005475302573966974,1.5228335901549204,580.8028438986331,-0.07666814801465094,400.80471399855884,452.4141419956771,0.06580384285140282,1.1287645234564376,330.7705518304017,0.01797088628954513
0.11900000000000001,395.87850544102395,548.1427954085682,0.0,1.38462378703263,412.81705091293117,-0.0850668704174039,45.10061400916449,62.84547017844316,0.0,1.3934504343039076,45.17069377764895,-0.010154944335982075,507.8779641689778,773.6338925069354,0.005286998441631472,1.5232672946793513,580.9966741069225,-0.07628522281499228,401.6639172884965,454.99175186548985,0.06606262154301276,1.1327673019199542,332.40563234917846,0.017609037268391248
0.12,398.15342504412735,551.3304301572731,0.0,1.3847185418439365,415.1005260214157,-0.08463138575675389,45.125110089431615,62.880821887602195,0.0,1.3934774178496465,45.1949524811755,-0.01011367667834584,508.0189908998791,774.0569726996389,0.005098388876147095,1.5236772375940388,581.1717412685103,-0.07590286131079926,402.5134883512029,457.5404650536082,0.06631805939533096,1.1367084043017035,334.0245923065677,0.01725192747347748
0.121,400.4251517646724,554.5130229072577,0.0,1.384810670517375,417.37977296558876,-0.08419898824072203,45.149504266278235,62.91595635826426,0.0,1.3935027057485465,45.21906140396327,-0.010072602950173204,508.15126215524765,774.4537864657447,0.004909482076446567,1.5240615229036618,581.326549417395,-0.07552117751214849,403.3567855131753,460.0703565395254,0.06657024928064507,1.1406039840242073,335.634093085011,0.016900009280828243
0.122,402.69372703046736,557.6851723995882,0.0,1.384886664393941,419.65077281195556,-0.0837696316826565,45.173804704640716,62.95103129193963,0.0,1.3935295400405503,45.243128820757114,-0.010031709112665599,508.27590863791505,774.8277259137473,0.004720332996715643,1.524423473050575,581.4637265448297,-0.07514010629768564,404.19178038143036,462.57534114429063,0.06681918472797412,1.14444519556475,337.2299900880936,0.016552918212000778
0.123,404.95867096256615,560.8560287993969,0.0,1.3849710328865676,421.92037185472975,-0.08334336862563385,45.19802645772048,62.98600425319802,0.0,1.3935565153960188,45.26712587957151,-0.009990969575699893,508.3931691745425,775.1795075236294,0.004530970120118286,1.524763813766926,581.5838506548753,-0.07475966543991608,405.0171346838481,465.0514040515436,0.06706488240389875,1.14822649272495,338.80950147787627,0.016210375482134998
0.124,407.2200607465922,564.0098744899342,0.0,1.385024778631695,424.1768699444421,-0.08292014634459288,45.22215119221448,63.02078994706783,0.0,1.3935823105628287,45.29099382492731,-0.009950414913837857,508.50303711978495,775.5091113593568,0.004341416473600111,1.525082555557431,581.6869374677168,-0.07437989906335196,405.83583078585855,467.5074923575757,0.06730742933303821,1.1519620913025261,340.3785669554843,0.015872770930016378
0.125,409.47700042562394,567.1634200764589,0.0,1.3850922505706804,426.43275497599336,-0.08250009376840539,45.24619029373123,63.05547674835763,0.0,1.3936085301107404,45.314793477501645,-0.009910025718495863,508.6049421824604,775.8148265473827,0.004151681152742256,1.525378072848261,581.7717117224706,-0.07400090888648125,406.64572690097145,469.93718070291465,0.06754682072653576,1.1556427366992996,341.9327910187713,0.015539718102465017
0.126,411.7300339644268,570.3128760444157,0.0,1.3851621912374028,428.6851878917704,-0.08208307108982205,45.2701472383036,63.09005512534036,0.0,1.3936348559511451,45.33851797974601,-0.009869795901875866,508.6998466199836,776.0995398599523,0.0039618109145315526,1.5256531823563249,581.8404137499641,-0.07362263988767037,407.4488381566231,472.3465144698698,0.06778312378433617,1.1592780988328653,343.47617238978535,0.015211463335434106
0.127,413.97905507336054,573.4579415192806,0.0,1.3852341911782446,430.93395738476505,-0.08166906080644976,45.29401090829566,63.124492495737954,0.0,1.3936609107889055,45.362145274563325,-0.009829743876913932,508.7878415830718,776.3635247492165,0.003771830170416491,1.5259081709452693,581.8932752904184,-0.0732451245282687,408.24233862861513,474.7270158858461,0.06801632318764601,1.162855909263525,345.0029255570731,0.014887515743821966
0.128,416.2249178753438,576.6100231537758,0.0,1.3853327813652574,433.18750117551684,-0.08125787031621512,45.317785027551075,63.15878768607493,0.0,1.3936865547969162,45.38567445490743,-0.009789863128801368,508.8688630803082,776.6065892409257,0.0035817578288622537,1.5261428740991054,581.930181869294,-0.07286840797058558,409.0290755327303,477.0872265981914,0.06824650343716679,1.166389518830221,346.51874375333296,0.014568240609324157
0.129,418.4670626544687,579.7438437566664,0.0,1.385398984759202,435.42707184166767,-0.08084956781170882,45.34146861892421,63.19293705184619,0.0,1.3937117384299125,45.409103025591094,-0.009750155036954089,508.94332390521447,776.8299717156453,0.0033916252840649236,1.5263585063949519,581.9521099973832,-0.07249248820153864,409.80728007095917,479.4218402128777,0.06847366268866067,1.169871457944487,348.01997582653814,0.014253317741515836
0.13,420.70544541759597,582.8842479519224,0.0,1.3854925204815123,437.6711307884611,-0.080444126756822,45.365061569483736,63.22696653559843,0.0,1.3937370378910734,45.43244904765357,-0.009710619530982623,509.0112639276428,777.0337917829302,0.003201453221275203,1.5265551999520928,581.9591708577475,-0.07211739845786957,410.5784133233828,481.73523997014837,0.0686978632135465,1.1733087379601725,349.5095165874207,0.013942897594328763
0.131,422.94080555396994,586.0157234495058,0.0,1.3855738575093022,439.9081330678796,-0.08004138030298347,45.388561696230326,63.26079884327803,0.0,1.3937608172442277,45.45565873815794,-0.009671260007728444,509.0730444893514,777.2191334680557,0.0030112698384301352,1.526734015641469,581.9522332023947,-0.07174313847575775,411.34184797734713,484.02554393204167,0.06891912344567734,1.1766990067071836,350.9860351872309,0.013636831359950863
0.132,425.17256442215677,589.1350332663845,0.0,1.3856374624431982,442.1357132533109,-0.07964140060337399,45.411962528273655,63.29456192363217,0.0,1.3937860951114973,45.4788207059225,-0.009632087034006975,509.12853535328156,777.3856060598454,0.0028210905793668952,1.5268945896352513,581.9310161373355,-0.07136975698680115,412.0965863399743,486.2897590199233,0.06913745786723702,1.1800383093169828,352.44742167200127,0.013334910719093651
0.133,427.40023030874994,592.2542643571817,0.0,1.3857134890389338,444.3628549738868,-0.07924424274492081,45.43527283832192,63.328193259071455,0.0,1.39381122425346,45.501891763875406,-0.009593085657786826,509.1780071781356,777.5340215344077,0.002630940840961922,1.5270377168163665,581.8961702782175,-0.07099726204620604,412.8443691161899,488.5331073485707,0.0693529275231344,1.1833347960986216,353.89717069891776,0.013037338659604103
0.134,429.62386649544027,595.3639732023391,0.0,1.3857795612215085,446.5825709770297,-0.07884986240008407,45.45849809398978,63.36169299820496,0.0,1.3938360406716168,45.52487201300879,-0.00955424648429748,509.22161839044725,777.6648551713423,0.0024408423921258317,1.5271638655668098,581.8480826034748,-0.07062567157717281,413.5824215025204,490.74726450756214,0.06956552154931285,1.1865766990886761,355.32953799212225,0.012743631342919448
0.135,431.8432891719164,598.461025538379,0.0,1.3858291666080105,448.792542226319,-0.07845825955022911,45.481629212214635,63.395016866151956,0.0,1.3938598498825645,45.5477310591269,-0.009515584453023251,509.2594681491421,777.7784044474267,0.0022508152874491172,1.5272733313613052,581.7870082538005,-0.0702550091252564,414.3144089045387,492.94322671361704,0.06977533526527936,1.1897805534134707,356.7519623360095,0.012454275379128799
0.136,434.05817409151325,601.5594167309781,0.0,1.3858958375569037,451.0031706641871,-0.07806945868049253,45.504669221790905,63.428309105921926,0.0,1.3938857306438324,45.57056798797964,-0.009477094245258666,509.291586415491,777.8747592464738,0.0020608774782824805,1.5273662082684925,581.7130404224713,-0.06988530458427178,415.03853689628755,495.11561068886346,0.06998236698635002,1.1929388880160448,358.16071119162035,0.012168948777677269
0.137,436.26886353251297,604.6505601450439,0.0,1.385958546867469,453.20807440528773,-0.07768336758693872,45.52763291811561,63.46147355289872,0.0,1.3939111147517438,45.59331672589883,-0.009438750911811677,509.31846116016857,777.955383480506,0.0018710574834363402,1.5274439133983355,581.627311442942,-0.06951653986879336,415.7549832515626,497.26494975468887,0.07018664765181878,1.1960528912140704,359.556090750685,0.011887626430551412
0.138,438.47537744856726,607.7384315142759,0.0,1.3860263603640162,455.41020721374684,-0.0772999517141898,45.550503188989886,63.49438518179019,0.0,1.3939337819903066,45.61589142734603,-0.00940058279161815,509.33997837870197,778.0199351361074,0.0016813681095508592,1.5275061219671977,581.5295847246753,-0.06914875659761965,416.4652290261058,499.3956870783187,0.07038823482426497,1.1991293684856807,360.9410870791132,0.011610467072507014
0.139,440.67786067945514,610.8193539712156,0.0,1.3860904040639332,457.6068489895004,-0.07691915558337425,45.57328306952783,63.52729716501805,0.0,1.3939591990355202,45.638466350095264,-0.009362584569023724,509.35631129084885,778.0689338725475,0.0014918293166389437,1.5275533386456075,581.4202903251457,-0.06878196732635844,417.1673725117638,501.5021175352927,0.07058711902418108,1.2021604530472976,362.3117351205062,0.011337146627448336
0.14,442.876200517195,613.8897430207535,0.0,1.386142995048836,459.7953632561301,-0.07654096893976747,45.595983684580325,63.56003810303455,0.0,1.3939832627084943,45.66092295492624,-0.00932473745582274,509.36765906547276,778.1029771964198,0.0013024611286317044,1.5275861420491255,581.299899697945,-0.06841618091830848,417.86357103141086,503.5907130942337,0.07078336971918489,1.2051558164097027,363.67242864317285,0.01106792224402775
0.14100000000000001,445.0699011736676,616.9623431316134,0.0,1.386214483398357,461.9851872794903,-0.07616544707245587,45.61858645968439,63.59257179575226,0.0,1.3940057492126035,45.683236666876816,-0.009287072180629297,509.37408548406626,778.1222564522003,0.0011132797036918383,1.5276047184707844,581.1685821165273,-0.06805141905637047,418.55187292923824,505.6556187877163,0.0709769796023627,1.2081074091220327,365.0190867853956,0.010802457257258924
0.14200000000000002,447.25942341569714,620.0218679696695,0.0,1.3862689873241676,464.1650130216572,-0.07579248157694518,45.6411035414205,63.625121591628975,0.0,1.3940311836213055,45.70556156770938,-0.009249568256461949,509.37574462877217,778.1272338863188,0.0009243030954879961,1.5276095143741286,581.0267088982092,-0.06768769364189431,419.2337051503659,507.7011154510989,0.07116800334679377,1.2110217027254584,366.35460607189947,0.010540904748802093
0.14300000000000002,449.44469895374306,623.0816118025549,0.0,1.386336546527346,466.3446791673838,-0.07542205555673387,45.66354431621382,63.657529426619895,0.0,1.394055813666153,45.72778830012961,-0.00921220983148241,509.3727540928706,778.1182622786148,0.0007355480151510192,1.5276008699451278,580.8745712194979,-0.06732501948432013,419.907986399188,509.7239591975647,0.07135645087928306,1.213894414270541,367.67669889184856,0.010283052382604962
0.14400000000000002,451.62593647039216,626.1363767052337,0.0,1.3864048234224524,468.5203301211979,-0.07505410576777327,45.685897430332595,63.68975116877577,0.0,1.3940790211223855,45.74988673511045,-0.009175015587610691,509.36521657258373,778.0956497177546,0.000547030390151292,1.5275790815741286,580.7124191012393,-0.06696341215080315,420.5730559762353,511.71916792870655,0.07154232367873709,1.216718856943659,368.9818676440892,0.010028601354967082
0.145,453.8029667356646,629.1848050034525,0.0,1.3864713347498805,470.6909837718458,-0.07468863340783638,45.70815744272554,63.72184779267028,0.0,1.394102308160567,45.77189934374567,-0.009137994339835531,509.3532778505741,778.0598335517252,0.000358766906111133,1.527544569527596,580.5406087805122,-0.06660288227924538,421.2266026074164,513.6798078222505,0.07172561192140281,1.2194856750322596,370.2741385630323,0.009777160058731305
0.146,455.97554825515874,632.2224089550724,0.0,1.3865269999111618,472.85334333021495,-0.07432565163451132,45.730333850628654,63.75385853762663,0.0,1.3941262433348758,45.79385206240504,-0.009101130060693352,509.3370549672316,778.0111649016976,0.00017077307490474003,1.5274976703820444,580.3594212640469,-0.06624344257607373,421.8592181347504,515.5776544042527,0.07190611395754273,1.2221557150839992,371.5583850142034,0.009527447321048488
0.147,458.14377619794703,635.2526521839239,0.0,1.3865792469249973,475.00996474117363,-0.07396511744980394,45.75242640675685,63.785723079821274,0.0,1.394149514885646,45.8157045021764,-0.009064422941370331,509.3166796966701,777.9500390900129,-1.693568108970433e-05,1.5274387627621595,580.1691872823651,-0.0658851034132033,422.48495383151806,517.4548614945553,0.07208408347058776,1.2247888517727192,372.83009133348736,0.0092814941791044
0.148,460.3075391371844,638.2868084002527,0.0,1.386652952929423,477.1691724674186,-0.07360702272039965,45.77444061058315,63.817556366034935,0.0,1.394174467558216,45.83753497137492,-0.00902786363200958,509.2921489895052,777.8764469685182,-0.00020434762700449665,1.527367834968427,579.9699052336439,-0.06552788821486699,423.102843481,519.3085304430018,0.07225953624752753,1.2273813292543425,374.08734906083333,0.009039098540882362
0.149,462.4675200418604,641.3119084102959,0.0,1.3867177274465619,479.32137408793847,-0.0732512288637357,45.79637874105971,63.84916422516379,0.0,1.3941967897981085,45.859209937175294,-0.008991448145942549,509.2637795365443,777.7913386096359,-0.00039144325612375095,1.5272857993503195,579.7623268185941,-0.06517178769015453,423.7146455099088,521.1439365297277,0.07243252957406127,1.2299408152450575,375.33350536238964,0.008800464410425812
0.15,464.6232696729484,644.3348762322076,0.0,1.3867899399135981,481.47170264911426,-0.07289778501752953,45.81821271083841,63.880615662665086,0.0,1.3942188462439515,45.880777446474134,-0.008955222874218904,509.2314054149734,777.6942162449236,-0.0005782155812321313,1.5271921723114847,579.5460761066645,-0.06481684048791947,424.3200823118098,522.9602469354314,0.07260308734918766,1.2324664062238193,376.5679729606382,0.008565496553630814
0.151,466.7751771431715,647.3471781387593,0.0,1.3868500508119392,483.6138617708429,-0.07254660285849468,45.83996407924998,63.912011835609626,0.0,1.3942421884344403,45.902306764061215,-0.008919151809133385,509.1952803257481,777.5858409772483,-0.0007646473211968624,1.5270876832947122,579.3217649689851,-0.06446304249030055,424.91697342746596,524.7509202824002,0.07277119943934929,1.234949303271304,377.7864964184489,0.008333828190575154
0.152,468.9227430743615,650.3549694654396,0.0,1.3869128317418946,485.752410997716,-0.07219773963280085,45.86163948191018,63.943339789274,0.0,1.3942663304589453,45.92378897084325,-0.008883223743126223,509.15546734863483,777.4664020459089,-0.0009507261982663981,1.5269725101735048,579.0895387117613,-0.06411040841690618,425.5074024677923,526.5222074033796,0.07293693392115257,1.2373984667475517,378.9930588579024,0.008105698814433682
0.153,471.06575746695466,653.3529394307592,0.0,1.386967592261452,487.88344268342155,-0.07185120480621154,45.883232070318705,63.974462265515434,0.0,1.394288487948514,45.945129500915,-0.008847449825269305,509.1120261165363,777.3360783496129,-0.00113644060998852,1.5268468204907024,578.8495582950002,-0.06375895222645112,426.0911387796838,528.2734163390537,0.07310031212741441,1.2398131954868103,380.18717047070277,0.007881027176886324
0.154,473.2044829982713,656.3497690188278,0.0,1.3870320180826046,490.013356146448,-0.07150693171284428,45.904738037218536,64.00548009696965,0.0,1.394310976027691,45.96639767811605,-0.008811836149263952,509.0653135769391,777.1959407308215,-0.001321771858856952,1.5267116419106752,578.6026438832944,-0.06340865719391364,426.66802856360187,530.0040856908079,0.07326136103796768,1.2421931108245718,381.36848871336736,0.007659734559635867
0.155,475.3388597350194,659.3333578750531,0.0,1.3870806991092683,492.1332424769896,-0.07116490642320461,45.92616188484185,64.0364475197035,0.0,1.394334838610562,45.987631349441465,-0.0087763750473846,509.01520649419484,777.0456194825888,-0.0015067139764261615,1.5265666124877366,578.3485283001276,-0.06305955376104933,427.2401124988958,531.7203374966901,0.07342014389440421,1.2445468530253332,382.5409480212319,0.007442059781401333
0.156,477.468599529405,662.31763626424,0.0,1.3871438601764032,494.25336758688405,-0.0708251515391215,45.94751332742473,64.06727072767255,0.0,1.3943577375150935,46.00876524531663,-0.008741050245981707,508.9617346073915,776.8852038221795,-0.001691256651498099,1.5264118125136887,578.0872976685224,-0.06271165792738853,427.80549567536036,533.4164870260834,0.07357664772232769,1.2468668411657473,383.7008244623204,0.007227693936307844
0.157,479.59406199601796,665.2980688978424,0.0,1.3872108135137136,496.3703872538369,-0.07048758657180454,45.96878304202856,64.0979565538599,0.0,1.3943801056307301,46.02980470064181,-0.008705876976331073,508.9050407626484,776.7151222879498,-0.0018753872144017798,1.526247649510328,577.8192942793338,-0.06236497337261049,428.3635292274907,535.0905876824748,0.0737308885079568,1.2491506656681426,384.8468171981183,0.007016492664616347
0.158,481.7154306963727,668.2686730298443,0.0,1.3872685624037169,498.4799046569878,-0.07015216018902215,45.98997255425126,64.12853590334127,0.0,1.3944025695534648,46.05077096086958,-0.008670852514614857,508.8454024686536,776.5362074059655,-0.0020590901945762717,1.5260749210636768,577.5451596753312,-0.06201948908450705,428.91480804970746,536.7444241491247,0.07388290665642744,1.251401010353834,385.9800393093826,0.006808483441591573
0.159,483.8325394077776,671.2377745991381,0.0,1.3873349143088824,500.58804321226535,-0.06981887686203359,46.01108089888787,64.15902102244894,0.0,1.3944254246806822,46.071671947399686,-0.00863597825697715,508.78290693460383,776.3487208038157,-0.0022423555695944247,1.5258938738356698,577.2650988654991,-0.061675211973719724,429.4591426165954,538.3774278497887,0.07403272584318243,1.2536173396369659,387.100093474297,0.006603588018487594
0.16,485.9451832771593,674.1905569436552,0.0,1.3873798530052104,502.6839414623685,-0.06948774698698312,46.03211077201207,64.18938089990242,0.0,1.3944479152350782,46.09248644643223,-0.008601249552849577,508.7172540887678,776.1517622663079,-0.002425182637890928,1.5257036320825763,576.9784513937807,-0.061332188833499,429.9971635666553,539.9914906999684,0.07418038565099222,1.2558024481393177,388.20816454067494,0.00640184126943133
0.161,488.0533956428432,677.1503261619777,0.0,1.3874513162029414,504.7847031332179,-0.06915874365273089,46.05306151969834,64.2196085322889,0.0,1.394469909559002,46.1132101545524,-0.008566667289234164,508.648527523834,775.9455825715067,-0.0026075610218372403,1.5255044310241277,576.6854058313413,-0.06099042784173214,430.5292896634315,541.5878689902969,0.0743259193119983,1.2579582434767353,389.3050405054321,0.00620325287492518
0.162,490.157769499756,680.0995526026694,0.0,1.387511521640805,506.8774489639768,-0.06883175360080718,46.07393170339582,64.24970827452604,0.0,1.3944915465026528,46.13384554646898,-0.008532233646440623,508.5773762578972,775.7321287736966,-0.002789466553758684,1.525298145351095,576.3874629184567,-0.06064987932154664,431.0548939573499,543.1646818720526,0.07446933691242245,1.2600823920254463,390.3894651397389,0.006007694302014199
0.163,492.25780890430394,683.041189958209,0.0,1.3875680133517065,508.96437486834685,-0.06850683359474385,46.094715166371124,64.27970221234932,0.0,1.3945134920639501,46.15440842257917,-0.008497958580753195,508.5034122176802,775.5102366530465,-0.00297090241631079,1.5250836435313162,576.0837452755111,-0.06031059576667508,431.5757533957677,544.7272601873059,0.07461069701934264,1.2621822609384983,391.4648861664733,0.005815363420033526
0.164,494.3533454836314,685.9805084014955,0.0,1.3876319735034728,511.0493441432487,-0.06818398903980338,46.115422253503446,64.30957435442592,0.0,1.3945350863515131,46.17488675234059,-0.008463824835970968,508.42669112202304,775.2800733660744,-0.00315185990813804,1.5248610800804834,575.7743835754735,-0.05997258632034952,432.08973816652446,546.2692144995757,0.07474998417361739,1.2642494515550082,392.52709627683663,0.005625918219504866
0.165,496.44445036909207,688.9084434960579,0.0,1.3876848517167921,513.1257200257969,-0.06786318855371631,46.13604755619826,64.33935442658668,0.0,1.39455713773953,46.195301892127404,-0.008429841138276828,508.34768218831084,775.0430465649378,-0.0033323204687844316,1.524631809529591,575.4604660289987,-0.059635817364707466,432.59824195412955,547.7947258623904,0.07488724768829585,1.266289764350165,393.5788034922165,0.005439507301302715
0.166,498.5311385356497,691.8328307558539,0.0,1.3877424643684144,515.1992537807881,-0.06754440981193277,46.15659207522439,64.3689625627014,0.0,1.3945778851652464,46.21559881878001,-0.008396005645478821,508.266383199337,774.7991495980154,-0.0035122781825302246,1.524395819217788,575.1419801239765,-0.05930030132959785,433.10064023963054,549.301920718893,0.07502250007096772,1.2683008743994684,394.6187447283225,0.005255997917124278
0.167,500.61359395746064,694.7536686947549,0.0,1.3878042407969273,517.269935181982,-0.06722760517676063,46.17705160742368,64.3985030888172,0.0,1.3945997166797053,46.23584909068201,-0.008362325084188882,508.18243229902555,774.5472968970817,-0.0036917356553574313,1.5241520518389766,574.8181334984039,-0.058966087973630454,433.59762844314133,550.7928853294252,0.07515577846974661,1.2702857423530671,395.64826633521227,0.005075439669605553
0.168,502.69181928136976,697.6687757573884,0.0,1.3878657837614121,519.3361663320319,-0.0669127551850689,46.19743935447265,64.42795001111848,0.0,1.3946216697588636,46.25603439832524,-0.008328777536922294,508.0961721448803,774.2885164346457,-0.003870677934778115,1.5239014951954064,574.4896955903596,-0.05863315564981053,434.0875061936402,552.2625185809219,0.07528707425651232,1.272237764738996,396.66399718618504,0.0048975540901838865
0.169,504.76565799640605,700.5742981126874,0.0,1.3879198931510421,521.3951416289428,-0.0665998646293523,46.217748947852286,64.4573023114321,0.0,1.3946439144874752,46.27615497663645,-0.008295373306512754,508.0076646585314,774.0229939755992,-0.004049097252760646,1.523644322366427,574.1568262436522,-0.05830151081144486,434.57229506839406,553.7168852051833,0.07541644947110997,1.2741651768620867,397.6698765421635,0.004722573007782671
0.17,506.83501065758065,703.4759535790669,0.0,1.3879782153690592,523.451054938143,-0.06628892963989785,46.237992430575765,64.48653450401636,0.0,1.3946655361570888,46.29619247882006,-0.008262092415815436,507.9166443142393,773.7499329427224,-0.004226994568004462,1.523379754541016,573.8189373256879,-0.05797119204231049,435.0505459828958,555.1516379486887,0.075543901926479,1.2760623864853504,398.663035993642,0.004550249361898073
0.171,508.899849842762,706.3682122415745,0.0,1.3880299089493258,525.499865163287,-0.06597993562907012,46.25815547708722,64.5156275135159,0.0,1.3946865552274785,46.31613435877334,-0.008228958245500184,507.82382064995255,773.4714619498623,-0.0044043464288489615,1.5231098473480686,573.4776218262921,-0.057642139237105705,435.5245979624065,556.5737938872207,0.07566949659224664,1.2779388270860947,399.64805671990126,0.004380863381266309
0.17200000000000001,510.9602494601948,709.2545555021329,0.0,1.3880816682930357,527.5441199188039,-0.06567285314967009,46.27824177585567,64.54458404724997,0.0,1.3947069199358442,46.33598217066799,-0.00819596455273297,507.72881400507026,773.1864420152156,-0.004581157218839015,1.5228334904142242,573.1320475980513,-0.057314401446387775,435.99167222401826,557.9750166720557,0.07579320299336774,1.2797836569349903,400.6194293860031,0.004213993038231001
0.17300000000000001,513.016265890114,712.1402836894435,0.0,1.3881436730935566,529.5876967323265,-0.0653676558012567,46.29823877318804,64.5734150823774,0.0,1.3947272465097045,46.35574328614768,-0.008163131768166298,507.6320871389827,772.8962614169533,-0.004757410581901999,1.5225520234014382,572.7832631962293,-0.05698794175853661,436.4534404664257,559.3603213992785,0.07591507738290172,1.2816036478060653,401.58043432611004,0.004049819214198669
0.17400000000000002,515.0679808512494,715.0152634705885,0.0,1.3881959082156252,531.6231848525256,-0.06506431384353584,46.31816196980468,64.60220792614989,0.0,1.394748953299675,46.37547819824211,-0.008130434255542829,507.5331609316914,772.5994827950799,-0.004933113998361598,1.5222640455193106,572.4301855992296,-0.05666281815306573,436.9097393031659,560.7292179094978,0.07603513857614232,1.2833983028252323,402.5307237128646,0.003888277497265502
0.17500000000000002,517.1149255977092,717.8799905311472,0.0,1.3882407081972792,533.6509716263989,-0.064762878887198,46.33801323488874,64.63088273151678,0.0,1.3947702592232634,46.3951318173094,-0.008097868780740036,507.4322210874301,772.2966632622957,-0.005108256985386979,1.5219700901280169,572.0732521775903,-0.05633902384698097,437.36032266752716,562.0809680025817,0.07615340251601044,1.2851668038251947,403.46978819125246,0.0037292949809273335
0.176,519.1569496654181,720.7344294859205,0.0,1.388278496416957,535.6710474146678,-0.06446335511602042,46.35778605977278,64.65939603990873,0.0,1.3947904232643515,46.414674517333054,-0.008065445850566011,507.32967798880657,771.989033966425,-0.005282825442571965,1.5216713459910338,571.7133927376051,-0.056016525396049954,437.8067260364867,563.4201781094603,0.07626991812936966,1.2869153089770142,404.4006421220251,0.0035730420049975287
0.177,521.193808365907,723.5890615200736,0.0,1.388330118097017,537.6910734225718,-0.06416576037148325,46.37748633611369,64.68787049507834,0.0,1.3948119142607895,46.434190164405166,-0.008033155633785594,507.22540670052393,771.6762201015778,-0.0054568182633371294,1.5213674431675126,571.3503225324795,-0.05569534438103796,438.24731488853865,564.7419446656162,0.07638467646780456,1.288637546608242,405.3200334957394,0.0034192542199444897
0.178,523.226232846531,726.4395190692675,0.0,1.3883851257173903,539.7078311330821,-0.06386997046050757,46.39711298940264,64.71619548192707,0.0,1.3948323788316013,46.453602870243415,-0.008000999727253877,507.11936863976626,771.3581059193053,-0.005630232502423351,1.521058262847069,570.9839704507057,-0.055375493019320765,438.6829076969609,566.0487230908833,0.07649771368040216,1.2903368541586895,406.22956130457214,0.003268002893979771
0.179,525.2541310425506,729.2790612062369,0.0,1.3884308910788143,541.7164129436269,-0.06357598220781946,46.41666187572803,64.7443776099082,0.0,1.3948520852974997,46.47291727659172,-0.00796898475135488,507.01155019046604,771.0346505714047,-0.005803064253291717,1.5207437587600412,570.6143114725356,-0.05505698165731043,439.11312136288075,567.3393640886427,0.07660904201102503,1.2920118677569565,407.12844676228985,0.0031191987209648886
0.18,527.2774268668627,732.1170952016814,0.0,1.3884855635713391,543.723696595124,-0.0632837901668275,46.43613355723807,64.77251385536607,0.0,1.3948731062099782,46.49220000119841,-0.00793710961373395,506.90216178881934,770.7064853664651,-0.005975304198878543,1.5204245384290733,570.2418170781208,-0.05473979753697755,439.53815955263116,568.6144786578935,0.07671868825278534,1.293663510892065,408.0170751729568,0.0029728249190603684
0.181,529.2961636742781,734.9472994321644,0.0,1.388536985286826,545.7250598337099,-0.06299337180802667,46.45554026300835,64.80056260350366,0.0,1.394894177026784,46.51142220675789,-0.007905354137718978,506.79143285271164,770.374298558142,-0.006146943112844926,1.5201012657647572,569.8670150931657,-0.05442392486390846,439.9580421807659,569.8741265422985,0.07682667196776356,1.2952919867484862,408.89546954581954,0.0028288473257855884
0.182,531.3100678274616,737.7667673474026,0.0,1.3885804392228946,547.718416406821,-0.06270475027244338,46.474869861421205,64.8284488195636,0.0,1.3949140473737551,46.53053267722771,-0.00787373801768676,506.67906429647024,770.0371928894168,-0.006317985267879647,1.5197730617873908,569.4892391937077,-0.054109400944248875,440.37290205515217,571.1187061654575,0.07693301385220108,1.2968979324116787,409.76386695049246,0.0026872489669511612
0.183,533.319204515613,740.5748416182439,0.0,1.3886146145644065,549.7032731949103,-0.06241790005418291,46.49412030922977,64.85619818353207,0.0,1.3949333324768198,46.54954935675603,-0.007842264425219625,506.56547395838254,769.6964218751544,-0.006488417437629645,1.51944114126181,569.1094221535391,-0.05379618946980547,440.7820034621206,572.346010386363,0.07703772226795978,1.2984786263751091,410.6207966701784,0.0025478877531188715
0.184,535.3231195010479,743.3816027848201,0.0,1.388659625755926,551.6870014666049,-0.06213286976110555,46.51329028809938,64.88387013477748,0.0,1.3949533505992007,46.5685124093338,-0.00781093534282995,506.4504100903847,769.3512302711611,-0.006658242441827732,1.5191047631570822,568.7270189703964,-0.05348432347337695,441.1861015710748,573.5583047132255,0.0771408330376137,1.3000371105770785,411.46774221263104,0.0024108238197937393
0.185,537.322306355494,746.1830500110847,0.0,1.3887066313554604,553.6666648965814,-0.06184957320624063,46.53238788912795,64.91144728183784,0.0,1.3949734846297035,46.58740989689982,-0.007779737382280327,506.33382865816077,769.0014859744896,-0.006827458443238808,1.5187637926788862,568.3419198289798,-0.0531738138685115,441.58616402414697,574.7584920724418,0.07724238371199914,1.3015772207052498,412.30660412459355,0.002276149932580296
0.186,539.3167062242684,748.9829328991505,0.0,1.3887627144776318,555.6450087476467,-0.061568003317666875,46.55141559987014,64.93892095648549,0.0,1.3949934737681027,46.60623664941493,-0.0077486663262567035,506.2159295646844,768.6477886940603,-0.0069960575581314455,1.5184188086594819,567.9545788965014,-0.05286464667769564,441.9807874066546,575.9423622199644,0.07734236509923967,1.3030936606980958,413.1345831107344,0.0021436442404698663
0.187,541.3069971899178,751.7727030844325,0.0,1.3888102444400376,557.6157846803326,-0.06128804965026169,46.570370038261856,64.96629820590782,0.0,1.3950135709149833,46.62499671087068,-0.007717727543719466,506.0967850516299,768.2903551548972,-0.007164034325251579,1.5180700171342114,567.5651726517757,-0.05255682237870185,442.3697087629317,577.109126288796,0.07744079118157267,1.3045855420405195,413.95113510170285,0.0020132352170607604
0.188,543.2926564790347,754.5628658684974,0.0,1.3888699890748761,559.5866640003793,-0.06100977134901642,46.58924938061759,64.99352327775155,0.0,1.3950326339619168,46.64365190833323,-0.007686923853287286,505.97664347658827,767.9299304297716,-0.007331381073209037,1.5177181404131435,567.1742546181638,-0.05225031927893331,442.75389832276863,578.2616949683061,0.07753770410933282,1.3060566991253275,414.7581808371754,0.0018850067113254099
0.189,545.2738791547653,757.3390702153629,0.0,1.3889150006402693,561.5471942099081,-0.06073312663381569,46.60804973081757,65.02067570354168,0.0,1.3950524872648673,46.66225725959706,-0.007656261448942825,505.855142831288,767.5654284938705,-0.007498104085070651,1.517362113188731,566.7810173894587,-0.05194518029151418,443.1343070232414,579.402921069724,0.07763313821905063,1.307510864960712,415.5575962156994,0.0017590543494276911
0.19,547.2501948043507,760.1100449898391,0.0,1.3889625845845313,563.5037565541483,-0.06045816673722193,46.62678011070156,65.04772986826976,0.0,1.3950723106728167,46.68079494984034,-0.007625725459490251,505.73230866243,767.1969259872966,-0.007664199943692041,1.5170020045118195,566.3855269641996,-0.05164140895256042,443.51068126212675,580.5320437863796,0.07772710335257538,1.3089471535033212,416.34887054016855,0.0016353158742439255
0.191,549.2220558766929,762.8739441703248,0.0,1.3890082089886049,565.4549878996485,-0.06018481444223711,46.645447093947624,65.07469263741022,0.0,1.3950920548868282,46.69926968494547,-0.00759530502699568,505.60869419874984,766.8260825962559,-0.007829652672903809,1.5166394316289664,565.9890141281712,-0.05133895385130027,443.8822480874655,581.6467442623956,0.07781960326502026,1.3103627071560295,417.13044503323636,0.001513652444580238
0.192,551.1893704610314,765.6333409934226,0.0,1.389056796129838,567.4027683963733,-0.05991306868582824,46.66404990479824,65.10161371431118,0.0,1.3951128084066509,46.717715880187804,-0.007565001281099493,505.48370422540916,766.4511126762336,-0.007994475844717444,1.5162726439435363,565.5901531101009,-0.05103787883691091,444.2491085728541,582.747325718561,0.07791065754520664,1.3117580080028322,417.90250417429365,0.0013940434559247539
0.193,553.1517893256677,768.3747695268249,0.0,1.3890848485973981,569.3373297020362,-0.05964296376512157,46.682597236874216,65.12842071341763,0.0,1.3951327597080052,46.73608292373557,-0.007534799933767156,505.3581202968571,766.0743608905783,-0.00815864771117599,1.5159039305444848,565.1906981403451,-0.0507381093393896,444.611660056385,583.8349801691534,0.07800029211113141,1.3131346579959515,418.6658402296074,0.0012765062063544441
0.194,555.1091639962156,771.1279721936725,0.0,1.3891465358675463,571.2802743345758,-0.059374505999476024,46.70106884244994,65.15508512752315,0.0,1.3951519042814504,46.75435257676894,-0.00750473381833161,505.23126679663807,765.6938003899207,-0.008322183008937332,1.5155313036042208,564.7891400057476,-0.0504397190614867,444.97046504666724,584.9113951399995,0.07808853305928014,1.3144948734488606,419.42155725900005,0.0011610856273691628
0.195,557.0627212530279,773.8774547809213,0.0,1.38921063150699,573.2203272372111,-0.05910751398828962,46.71946308380835,65.18157815882124,0.0,1.3951696756851502,46.772504008870335,-0.0074748054432201005,505.1035828845336,765.3107486536085,-0.008485069386615697,1.515156048355646,564.3864512860196,-0.050142666652886025,445.32377801910775,585.9713340573211,0.07817536338973838,1.3158321270511149,420.166154919911,0.0010475187558451893
0.196,559.0123726153066,776.6165734716781,0.0,1.3892654465559018,575.1526583368271,-0.05884198767188065,46.7377851547009,65.20808880241889,0.0,1.3951899643207684,46.790667354629306,-0.007445006204917615,504.97497030485954,764.9249109145863,-0.00864730762937273,1.5147778719661924,563.9824334839503,-0.04984696608094552,445.673530218841,587.0205906565213,0.07826083889153437,1.3171538151890558,420.9034836796532,0.0009360247864174109
0.197,560.9575430493225,779.3403971639266,0.0,1.3893037125902463,577.0737201568503,-0.05857799289922905,46.756046465599574,65.23448676637844,0.0,1.395209640198605,46.808752977823886,-0.007415317408942634,504.8456949081875,764.5370847245695,-0.008808890246274804,1.5143975524315605,563.5776691151158,-0.04955259258817457,446.01883856796763,588.0565157039013,0.07834495840752734,1.3184566768344894,421.63177475280656,0.0008264563700965954
0.198,562.8977335671406,782.0586265417311,0.0,1.3893440671465231,578.9905727705034,-0.058315584333088255,46.77423849704454,65.26073090159817,0.0,1.3952280785014106,46.82673328139778,-0.007385752773107157,504.7154877853337,764.1464633560089,-0.00896982223324341,1.5140142948833317,563.1715563202722,-0.04925957764951161,446.3593622710488,589.0780868131453,0.07842773319093185,1.319739511715297,422.35032322143553,0.0007187340960115307
0.199,564.8330388630327,784.771080761771,0.0,1.3893859366680417,580.9030810998642,-0.05805473599858957,46.79236296511772,65.28691863562916,0.0,1.3952473117097886,46.84467445210209,-0.007356309369814351,504.58451425991325,763.7535427797479,-0.00913009850897558,1.5136285819234154,562.7644811676477,-0.04896790695042452,446.69522388053116,590.085671641593,0.07850918340008012,1.3210028674929635,423.05937420144284,0.0006128397246321082
0.2,566.7637383804706,787.4842616840502,0.0,1.3894400935640119,582.8159503686951,-0.05779539749806062,46.81041349503024,65.3129655167858,0.0,1.3952657248738025,46.86251886081908,-0.007326997412579139,504.4530139164979,763.3590417495025,-0.009289712012040284,1.5132411160018586,562.3569609396228,-0.048677558815295785,447.0275551347616,591.0826654042833,0.0785893477113299,1.3222510751626813,423.76118036830945,0.0005088894528018084
