eps_axial,mcc_p,mcc_q,mcc_eps_v,mcc_u,mcc_eta,evp_p,evp_q,evp_eps_v,evp_u,evp_eta,ns_unified_p,ns_unified_q,ns_unified_eps_v,ns_unified_u,ns_unified_eta,ns_d0_p,ns_d0_q,ns_d0_eps_v,ns_d0_u,ns_d0_eta
0.0,100.0,0.0,0.0,0.0,0.0,100.0,0.0,0.0,0.0,0.0,100.0,0.0,0.0,0.0,0.0,100.0,0.0,0.0,0.0,0.0
0.0015,100.0,61.42499999999999,-0.0,20.474999999999994,0.6142499999999999,99.99999999999994,61.42499999999984,-0.0,20.47500000000001,0.6142499999999987,100.0,60.300000000000026,0.0,20.10000000000001,0.6030000000000002,100.0,60.300000000000026,0.0,20.10000000000001,0.6030000000000002
0.003,90.20583669949548,77.84407624111654,-0.0,35.74218871421003,0.8629605254972589,90.37462047108868,78.15993954657229,-0.0,35.67869271110209,0.8648439035113411,90.53271722264431,72.41357435234805,0.0,33.60514089480505,0.7998608301379444,100.0,68.87743572536489,0.0,22.959145241788292,0.6887743572536489
0.0045000000000000005,83.32624042317923,81.76578800813243,-0.0,43.929022246198244,0.9812729770703453,83.49734390503099,81.97303750865072,-0.0,43.82700193118592,0.98174425286972,83.56136660419283,77.2630771691637,0.0,42.19299245219507,0.9246267780078036,100.0,73.05864642674386,0.0,24.35288214224795,0.7305864642674387
0.006,79.17376168400187,83.5990256746841,-0.0,48.69258020755949,1.0558930622539362,79.32892595634254,83.72709847292096,-0.0,48.580106867964446,1.0554422294712382,78.92747055480275,79.924978759886,0.0,47.71418903182591,1.0126382892809245,100.0,76.65563086258778,0.0,25.551876954195933,0.7665563086258779
0.0075,76.57518354373936,84.55582102430556,-0.0,51.61009013102917,1.104219632408817,76.70450377992289,84.61842170283326,-0.0,51.5016367876882,1.1031740971249437,75.87077192736798,81.43833512555666,0.0,51.275339781150905,1.0733821873266107,100.0,79.77403439300852,0.0,26.591344797669507,0.7977403439300852
0.009000000000000001,74.90788512308043,85.09505909937087,-0.0,53.45713457670986,1.1359960164347451,75.00538970431847,85.09811632118179,-0.0,53.360649069408794,1.134560018375349,73.85842016675538,82.33448618277538,0.0,53.58640856083642,1.1147609980945028,100.0,82.37003179207719,0.0,27.45667726402573,0.8237003179207718
0.0105,73.82005273757893,85.41597238801354,-0.0,54.651938058425586,1.1570836001927098,73.88197401620187,85.36160582950993,-0.0,54.57189459363478,1.155377979083107,72.53368735662612,82.89332094154771,0.0,55.09741962388979,1.14282513356844,100.0,84.63422870230154,0.0,28.211409567433847,0.8463422870230154
0.012,73.10231830192383,85.61447073635496,-0.0,55.435838610194494,1.171159447813324,73.12630587761988,85.50417489950676,-0.0,55.37508575554904,1.1692669809220473,71.66329086330636,83.2556805072517,0.0,56.088602639110874,1.161761893771487,100.0,86.63471107429702,0.0,28.878237024765667,0.8663471107429701
0.0135,72.6252178574148,85.7406309626998,-0.0,55.95499246348514,1.1805903444039854,72.60992222798963,85.57716262409961,-0.0,55.91579864671024,1.1785877191190735,71.09408950281747,83.50327701779605,0.0,56.740336169781216,1.1745459798663966,100.0,88.40907012082096,0.0,29.469690040273647,0.8840907012082095
0.015,72.30648289826311,85.82234832296791,-0.0,56.30096654272619,1.1869246695862934,72.2513322433006,85.61061076477563,-0.0,56.28553801162461,1.184900099509428,70.72533627945363,83.6784228014933,0.0,57.16747132104413,1.183146340525816,100.0,89.99727004155515,0.0,29.999090013851713,0.8999727004155516
0.0165,72.09282979764353,85.87597672570891,-0.0,56.53249577759277,1.191186099460281,71.99788037751844,85.61572394372259,-0.0,56.54069427038908,1.1891422843950328,70.49024482530218,83.80933669105062,0.0,57.44620073838135,1.188949434049456,100.0,91.41822041557826,0.0,30.472740138526092,0.9141822041557827
0.018000000000000002,71.94929066911025,85.91148932975356,-0.0,56.687872440807595,1.19405609882736,71.81521866387533,85.60864667943285,-0.0,56.72099689593563,1.192068314657878,70.34455429589283,83.91046364331957,0.0,57.62560025188036,1.192849460533419,100.0,92.69757221296234,0.0,30.89919073765411,0.9269757221296234
0.0195,71.85270953560392,85.93515070017123,-0.0,56.792340697786486,1.1959903983521913,71.68069299176042,85.5907388105672,-0.0,56.849553278428644,1.1940556827541513,70.25853126635474,83.99193156022612,0.0,57.73877925372064,1.195469504504829,100.0,93.85475440799475,0.0,31.284918135998254,0.9385475440799474
0.021,71.78765769280947,85.95098193003912,-0.0,56.862669617203565,1.1972946978969101,71.57932034270934,85.56991855128821,-0.0,56.943985841053404,1.19545586828143,70.21238356131964,84.06052981916,0.0,57.80779304506703,1.1972322481510138,100.0,94.90236652894846,0.0,31.634122176316154,0.9490236652894847
0.0225,71.74381198033387,85.96160434599352,-0.0,56.910056134997305,1.198174476281759,71.5011069276467,85.54529317528697,-0.0,57.013990797448955,1.196419144417608,70.19284058475692,84.12006396321677,0.0,57.84718073631534,1.1984137308368779,100.0,95.85254102224096,0.0,31.950847007413657,0.9585254102224096
0.024,71.71424566935244,85.96874549566226,-0.0,56.942002829201655,1.1987680368560523,71.43935500501527,85.52351250789981,-0.0,57.06848249761799,1.1971484415263238,70.19096772324188,84.17327312804684,0.0,57.866789986107065,1.1992037702049674,100.0,96.71614069604702,0.0,32.238713565349,0.9671614069604701
0.025500000000000002,71.69430206059721,85.9735525486611,-0.0,56.96354878895649,1.1991685542317552,71.38951645728116,85.50071153459668,-0.0,57.110720720917726,1.1976648081901426,70.20073643253421,84.22191115568229,0.0,57.87323395269321,1.199729738399867,100.0,97.5045064246935,0.0,32.5015021415645,0.975045064246935
0.027,71.68084647768332,85.97679126111268,-0.0,56.978083942687576,1.1994388387681802,71.34847342498475,85.47778540221704,-0.0,57.1441217090876,1.1980324357197039,70.2180994984366,84.26719596672424,0.0,57.87096582380481,1.2000779936887989,100.0,98.22335809113035,0.0,32.74111936371011,0.9822335809113035
0.0285,71.67176694529662,85.97897461690779,-0.0,56.98789126033931,1.19962124950165,71.31405375114126,85.45771439272112,-0.0,57.17185104643245,1.1983292198047781,70.24031628888412,84.30987994274497,0.0,57.8629770253642,1.2003060976547373,100.0,98.88007187240773,0.0,32.96002395746925,0.9888007187240773
0.03,71.66563968372976,85.98044710354037,-0.0,56.99450935078369,1.1997443612166696,71.28471693646613,85.43916807423447,-0.0,57.19500575494537,1.1985622128567022,70.26556831790879,84.35053748940781,0.0,57.85127751189381,1.200453358717219,100.0,99.48197542526091,0.0,33.16065847508696,0.9948197542526092
0.0315,71.66150447261805,85.98144043962469,-0.0,56.99897567392351,1.199827453699054,71.25935304215376,85.42262737164555,-0.0,57.21485608172809,1.1987567066615583,70.2926341597286,84.38960382238525,0.0,57.83723378106647,1.2005468969995288,100.0,100.03432931565831,0.0,33.34477643855277,1.0003432931565832
0.033,71.65871354822798,85.98211066481089,-0.0,57.00199000670898,1.1998835369398997,71.23714718177516,85.40611357480766,-0.0,57.23155734316073,1.1988985656160218,70.32069491243611,84.42734583767862,0.0,57.82175370012342,1.2006045438374608,100.0,100.54051361679942,0.0,33.51350453893315,1.005405136167994
0.0345,71.65682984986584,85.98256293615606,-0.0,57.00402446218618,1.1999213908332986,71.21749179952756,85.39047766494903,-0.0,57.24600075545544,1.1990098992157356,70.3491871551504,84.46385746867843,0.0,57.805432001075744,1.2006372906967506,100.0,101.00546322813847,0.0,33.66848774271281,1.0100546322813846
0.036000000000000004,71.65555844649326,85.98286815667022,-0.0,57.00539760573015,1.1999469409044585,71.19992564337481,85.3770138121165,-0.0,57.25907896066403,1.1991166148087244,70.37774610221429,84.49931399335738,0.0,57.7886918955715,1.2006538809957539,100.0,101.43543861965937,0.0,33.81181287321979,1.0143543861965936
0.0375,71.65470030038576,85.98307414986984,-0.0,57.00632441623752,1.1999641864304462,71.18409284371312,85.36280013977677,-0.0,57.2701738695458,1.199183648054537,70.406128992184,84.53372358267873,0.0,57.77177886870892,1.2006585902778875,100.0,101.83170824722859,0.0,33.94390274907619,1.0183170824722858
0.039,71.65412108100813,85.98321317989354,-0.0,57.006949978956385,1.199975826689518,71.16971568404404,85.35141865726216,-0.0,57.28075720171002,1.1992659776270205,70.434174354844,84.56732109598144,0.0,57.75493267714981,1.2006575198842442,100.0,102.1953212428091,0.0,34.06510708093637,1.021953212428091
0.0405,71.65373012525652,85.98330701718886,-0.0,57.007372213806434,1.1999836835693423,71.1565735602058,85.33965141368537,-0.0,57.28997691102266,1.1993221025669432,70.46180380171434,84.60010647750376,0.0,57.73823169078692,1.200652011628539,100.0,102.53210805171986,0.0,34.17736935057329,1.0253210805171986
0.042,71.65346624072185,85.98337035308316,-0.0,57.007657210305865,1.199988986774479,71.14448979965323,85.32774382765852,-0.0,57.29809147623294,1.1993584333508627,70.48894607346764,84.63202416208998,0.0,57.721728647229014,1.2006424961139524,100.0,102.84387340973277,0.0,34.28129113657758,1.0284387340973276
0.043500000000000004,71.65328812531365,85.98341310242398,-0.0,57.00784957549435,1.1999925663152895,71.1333208933249,85.31861171248255,-0.0,57.30621634416927,1.199418368789932,70.51556480276011,84.66328288847025,0.0,57.70552949339664,1.2006325571564644,100.0,103.13083498513497,0.0,34.376944995044994,1.0313083498513498
0.045,71.65316790167552,85.98344195684562,-0.0,57.00797941727302,1.199994982424706,71.12294886381353,85.30722722522937,-0.0,57.31279354459626,1.1994332151297036,70.54163507158377,84.69370053984396,0.0,57.689598441697555,1.2006200374275284,100.0,103.39656434604524,0.0,34.465521448681756,1.0339656434604523
0.0465,71.65308675349291,85.98346143275043,-0.0,57.0080670574239,1.1999966132451223,71.11327640253128,85.29929276228853,-0.0,57.31982118489823,1.199484780865086,70.5671574375691,84.72348194562241,0.0,57.674003210971705,1.2006078326249352,100.0,103.64215371238286,0.0,34.54738457079429,1.0364215371238286
0.048,71.65303198029417,85.98347457847348,-0.0,57.008126212530314,1.1999977140132803,71.10422180915722,85.29073752288588,-0.0,57.326024031804735,1.1995172066126407,70.59212698758024,84.75248757258332,0.0,57.65870220328087,1.200594049071427,100.0,103.86907997398706,0.0,34.623026657995695,1.0386907997398707
0.0495,71.65299500959495,85.98348345151206,-0.0,57.00816614090907,1.199998457007947,71.09571631629176,85.28145737734361,-0.0,57.33143614282278,1.1995301798204283,70.61652389056661,84.78081340648401,0.0,57.643747244928065,1.2005803845268226,100.0,104.08002353444893,0.0,34.69334117814964,1.0408002353444892
0.051000000000000004,71.65297005517981,85.98348944060395,-0.0,57.00819309168817,1.199998958513349,71.08770166449033,85.27412168428232,-0.0,57.33700556360378,1.1995622264839432,70.64036058933003,84.80847893140677,0.0,57.629132387805555,1.200566902884932,100.0,104.27524042650278,0.0,34.75841347550093,1.0427524042650278
0.0525,71.65295321148972,85.98349348310425,-0.0,57.008211282878364,1.199999297018739,71.08012782483061,85.26709670043519,-0.0,57.34223774198112,1.1995912121960002,70.66365093559278,84.83549044475862,0.0,57.61484587932675,1.2005534574215946,100.0,104.4558791272966,0.0,34.81862637576553,1.044558791272966
0.054,71.65294184236146,85.98349621170173,-0.0,57.008223561539126,1.199999525502636,71.07295180083949,85.25969902906006,-0.0,57.34694787551386,1.1996082457356583,70.68642116479015,84.86196303575603,0.0,57.60089984712853,1.2005412303717946,100.0,104.62389691099648,0.0,34.87463230366549,1.0462389691099647
0.0555,71.65293416844364,85.98349805344505,-0.0,57.008231849371384,1.1999996797243884,71.06613639718674,85.25282795776981,-0.0,57.35147292206986,1.1996266052975504,70.70866243776779,84.88772639698111,0.0,57.58724636122592,1.2005279617853417,100.0,104.77930844013181,0.0,34.926436146710614,1.0477930844013181
0.057,71.65292898871324,85.98349929658174,-0.0,57.00823744348067,1.199999783820782,71.0596491362776,85.2461852997618,-0.0,57.355745963643,1.1996426429896576,70.73038794519599,84.91294602362387,0.0,57.57392739601197,1.2005157682638041,100.0,104.92277385056757,0.0,34.974257950189184,1.0492277385056756
0.0585,71.65292549250577,85.98350013567217,-0.0,57.008241219384956,1.1999998540836305,71.05346159303438,85.23981543922082,-0.0,57.35981022003922,1.1996574625377179,70.75160903420154,84.93748923634413,0.0,57.560887377913176,1.2005025807297909,100.0,105.05670169050249,0.0,35.018900563500836,1.050567016905025
0.06,71.65292313264037,85.98350070204017,-0.0,57.00824376803969,1.1999999015095553,71.04754876491207,85.23372676587296,-0.0,57.36369349037892,1.199671603701646,70.77233050337043,84.96157454556342,0.0,57.54819434515072,1.200491405910637,100.0,105.18101048023526,0.0,35.060336826745086,1.0518101048023525
0.0615,71.65292153978145,85.98350108432646,-0.0,57.008245488327375,1.199999933521046,71.04188857475229,85.22722768031294,-0.0,57.36718731868535,1.199675703872011,70.79259717881965,84.9851654366719,0.0,57.53579130007098,1.200480965855827,100.0,105.29616106096697,0.0,35.098720353655665,1.0529616106096698
0.063,71.6529204646356,85.9835013423615,-0.0,57.0082466494849,1.1999999551281204,71.03646139615361,85.22114020168448,-0.0,57.37058533774122,1.1996816638490233,70.81240237326924,85.00809707225974,0.0,57.52362998415067,1.200469045297483,100.0,105.40329591185137,0.0,35.13443197061713,1.0540329591185138
0.0645,71.65291973893507,85.9835015165297,-0.0,57.00824743324149,1.1999999697124362,71.03124971033996,85.2156263025942,-0.0,57.37395905719144,1.199692060186144,70.831748944886,85.03051328658057,0.0,57.511755483974184,1.2004576274509697,100.0,105.50308432963438,0.0,35.16769477654479,1.0550308432963438
0.066,71.65291924910265,85.9835016340895,-0.0,57.00824796226051,1.1999999795565388,71.02623786790416,85.21104848654558,-0.0,57.37744496094437,1.1997122618971117,70.85063779395321,85.05240592180814,0.0,57.50016417998283,1.2004465812877552,100.0,105.59568767446353,0.0,35.19856255815452,1.0559568767446352
0.0675,71.65291891847617,85.98350171343985,-0.0,57.00824831933711,1.1999999862010986,71.13727069363483,85.6654500367065,-0.0,57.41787931860067,1.204227393058694,70.86908721200244,85.073799432596,0.0,57.48884593219623,1.2004359415283656,100.0,105.68216578493585,0.0,35.227388594978606,1.0568216578493586
0.069,71.65291869531033,85.98350176699967,-0.0,57.00824856035622,1.1999999906860357,71.15699413369242,85.34335158120693,-0.0,57.29078972670989,1.1993670140262058,70.88710857427631,85.0946912173352,0.0,57.47778849816875,1.200425478324765,100.0,105.76266500641766,0.0,35.25422166880588,1.0576266500641767
0.07050000000000001,71.65291854467816,85.98350180315138,-0.0,57.008248723038975,1.1999999937132722,71.14487730710734,85.33295636442516,-0.0,57.29944148103438,1.1994251672692173,70.90472202543084,85.11518298004448,0.0,57.467005634583984,1.2004162846801216,100.0,105.8373455812563,0.0,35.27911519375209,1.058373455812563
0.07200000000000001,71.65291844300467,85.98350182755304,-0.0,57.00824883284635,1.199999995756592,71.1336795553045,85.3224379774211,-0.0,57.30713310383587,1.199466111001403,70.92192818636161,85.13511934127592,0.0,57.45644492739703,1.2004061581287848,100.0,105.90647818714733,0.0,35.302159395715776,1.0590647818714733
0.0735,71.65291837437721,85.98350184402366,-0.0,57.00824890696401,1.1999999971357902,71.12328253952238,85.31320012954345,-0.0,57.31445083699211,1.1995115675677075,70.9387394994072,85.15463329657602,0.0,57.44613826611814,1.2003967634255415,100.0,105.97096132522172,0.0,35.32365377507391,1.0597096132522172
0.075,71.65291832805512,85.98350185514096,-0.0,57.008248956991864,1.1999999980667195,71.11358819637093,85.30376386249068,-0.0,57.320999757792634,1.199542394442753,70.95516517839599,85.17369994494722,0.0,57.436068136586414,1.2003875930780077,100.0,106.03097236167635,0.0,35.34365745389212,1.0603097236167636
0.0765,71.65291829678871,85.9835018626449,-0.0,57.00824899075958,1.199999998695077,71.10451443357492,85.29486443066128,-0.0,57.32710704331217,1.1995703101290824,70.97121337333509,85.19231294736738,0.0,57.426224275787376,1.2003784196167535,100.0,106.08664209326147,0.0,35.36221403108715,1.0608664209326149
0.078,71.65291827568456,85.98350186770992,-0.0,57.00824901355209,1.1999999991192047,71.09599195285654,85.28580322121095,-0.0,57.33260912088045,1.1995866557113883,70.98690225872836,85.21056441380826,0.0,57.41661921254105,1.2003702331345356,100.0,106.13860427793755,0.0,35.37953475931252,1.0613860427793755
0.0795,71.6529182614397,85.98350187112865,-0.0,57.00824902893652,1.1999999994054815,71.08796251421236,85.27834308527095,-0.0,57.33815184754462,1.1996172075999723,71.00223671278596,85.22834504395692,0.0,57.40721163519969,1.2003614109893126,100.0,106.18676034547481,0.0,35.39558678182493,1.061867603454748
0.081,71.65291825182472,85.98350187343623,-0.0,57.00824903932069,1.1999999995987123,71.08037549713173,85.27067589551277,-0.0,57.34318313470587,1.199637386537915,71.01720732134086,85.24568035573785,0.0,57.39801946390509,1.2003524719018526,100.0,106.23160577333856,0.0,35.410535257779514,1.0623160577333857
0.0825,71.65291824533479,85.98350187499382,-0.0,57.00824904632982,1.1999999997291397,71.07318762001867,85.26515813306979,-0.0,57.34853175767125,1.199681075076106,71.03182672261552,85.26263052262665,0.0,57.38905011826003,1.2003440493735782,100.0,106.2734048574826,0.0,35.424468285827544,1.062734048574826
0.084,71.65291824095424,85.98350187604515,-0.0,57.008249051060815,1.1999999998171753,71.0663613555956,85.25682724828445,-0.0,57.35258106049922,1.1996790833525843,71.0460965777902,85.27911177240486,0.0,57.38027401301143,1.2003349357699133,100.0,106.31214776955068,0.0,35.437382589850216,1.0631214776955067
0.0855,71.65291823799747,85.9835018767548,-0.0,57.00824905425414,1.1999999998765973,71.05986426904087,85.25166779358852,-0.0,57.357358328821974,1.1997161642585727,71.06003607657784,85.29529422982375,0.0,57.37172866669674,1.2003272013245994,100.0,106.34833027610583,0.0,35.4494434253686,1.0634833027610582
0.08700000000000001,71.65291823600171,85.9835018772338,-0.0,57.008249056409554,1.1999999999167061,71.05366766910261,85.24351920082424,-0.0,57.36083873117214,1.19970610944116,71.07365701671046,85.31111495954825,0.0,57.363381303138965,1.2003197603788751,100.0,106.38210724512793,0.0,35.46070241504265,1.0638210724512793
0.0885,71.65291823465463,85.9835018775571,-0.0,57.008249057864404,1.1999999999437783,71.04774667317095,85.2377492378237,-0.0,57.36483640610362,1.1997248783966177,71.08696460799469,85.32656240729864,0.0,57.35522286110486,1.2003123621584837,100.0,106.41350825534208,0.0,35.47116941844736,1.0641350825534208
0.09,71.65291823374535,85.98350187777531,-0.0,57.00824905884642,1.1999999999620516,71.04207915738408,85.23111023663789,-0.0,57.368290921495216,1.1997271370369094,71.09997148261237,85.34171117580965,0.0,57.347265575990846,1.2003058425512887,100.0,106.44282163905527,0.0,35.480940546351746,1.0644282163905527
0.0915,71.65291823313162,85.98350187792263,-0.0,57.00824905950927,1.1999999999743862,71.03664525605134,85.22651529054309,-0.0,57.37219317412969,1.1997542252079108,71.1126861015693,85.35644702249915,0.0,57.33946290593042,1.2002984516797142,100.0,106.46994594805241,0.0,35.48998198268413,1.0646994594805241
0.093,71.65291823271737,85.98350187802204,-0.0,57.00824905995664,1.1999999999827111,71.03142718291055,85.2205002011129,-0.0,57.37540621746042,1.1997576788322803,71.12511755907802,85.37092413850877,0.0,57.331857153758236,1.2002922043341142,100.0,106.4953172905008,0.0,35.49843909683361,1.064953172905008
0.0945,71.65291823243776,85.98350187808914,-0.0,57.00824906025862,1.1999999999883304,71.02640942212165,85.2154517312803,-0.0,57.37874115497179,1.199771358634094,71.13726512935267,85.38502707957299,0.0,57.32441056383833,1.2002854892483266,100.0,106.51895514457121,0.0,35.50631838152373,1.0651895514457121
0.096,71.65291823224901,85.98350187813442,-0.0,57.00824906046246,1.1999999999921234,71.02157833375621,85.21035332672533,-0.0,57.38187277515223,1.1997811837733443,71.14913103308376,85.39876121799522,0.0,57.31712270624797,1.2002783446263805,100.0,106.54091573352159,0.0,35.51363857784054,1.0654091573352158
0.0975,71.65291823212164,85.98350187816499,-0.0,57.00824906060002,1.199999999994683,71.01692083242173,85.2067238840575,-0.0,57.385320462264104,1.1998087622683524,71.1607182440283,85.41221515844498,0.0,57.310020142120024,1.2002719655743868,100.0,106.56131856236394,0.0,35.52043952078799,1.0656131856236393
0.099,71.65291823203565,85.98350187818563,-0.0,57.008249060692904,1.1999999999964113,71.01242500157343,85.20087898552765,-0.0,57.387867993602455,1.1998024146287054,71.1720387681498,85.42532633766903,0.0,57.3030700110732,1.200265270128776,100.0,106.58035205973435,0.0,35.526784019911446,1.0658035205973435
0.1005,71.6529182319776,85.98350187819956,-0.0,57.00824906075559,1.199999999997578,71.008080909239,85.19508961235374,-0.0,57.390282294878915,1.1997942842765779,71.18309151272568,85.43813869462747,0.0,57.296288052150146,1.200258894057072,100.0,106.59808058843859,0.0,35.53269352947953,1.0659808058843858
0.10200000000000001,71.65291823193843,85.98350187820895,-0.0,57.008249060797894,1.1999999999983648,71.00387902422653,85.1906609410662,-0.0,57.39300795612887,1.1998029137534745,71.19388590741468,85.4506443644624,0.0,57.28966221407279,1.2002525676936384,100.0,106.61462550085629,0.0,35.538208500285435,1.066146255008563
0.10350000000000001,71.65291823191198,85.98350187821532,-0.0,57.00824906082646,1.1999999999988966,70.99981041368298,85.1865982290175,-0.0,57.39572232932285,1.1998144464425284,71.2044329450884,85.46289446928782,0.0,57.28319854467421,1.2002468236099189,100.0,106.62995662354393,0.0,35.543318874514654,1.0662995662354393
0.105,71.65291823189415,85.9835018782196,-0.0,57.00824906084571,1.199999999999255,70.99586719135044,85.18259562231324,-0.0,57.398331349420644,1.1998247080034428,71.21472956350665,85.47480200783178,0.0,57.27687110577061,1.2002404914226141,100.0,106.64428283775636,0.0,35.548094279252126,1.0664428283775635
0.1065,71.6529182318821,85.98350187822248,-0.0,57.00824906085873,1.199999999999497,70.99204254182322,85.17898671099704,-0.0,57.40095302850912,1.199838512334899,71.22479042799162,85.48650270496483,0.0,57.27071047366333,1.200235229774271,100.0,106.65767297089236,0.0,35.552557656964126,1.0665767297089237
0.108,71.65291823187397,85.98350187822444,-0.0,57.00824906086751,1.1999999999996607,70.98832967636375,85.17464100093436,-0.0,57.4032173239477,1.199840049614438,71.23462102051705,85.49788843100394,0.0,57.26467512315092,1.2002294278561372,100.0,106.67015082767159,0.0,35.55671694255719,1.066701508276716
0.1095,71.65291823186848,85.98350187822575,-0.0,57.00824906087344,1.1999999999997708,70.98472237816443,85.16980623885328,-0.0,57.405213034786655,1.1998329131319152,71.24422148032446,85.50903910780829,0.0,57.25879155561164,1.2002242052911387,100.0,106.68172665124536,0.0,35.56057555041511,1.0668172665124536
0.111,71.65291823186477,85.98350187822665,-0.0,57.008249060877446,1.1999999999998454,70.98121517788994,85.16664124866891,-0.0,57.40766523833304,1.1998476080640221,71.25360666838986,85.51995134301664,0.0,57.25304377928235,1.2002192638615687,100.0,106.69251725017368,0.0,35.56417241672456,1.0669251725017368
0.1125,71.65291823186227,85.98350187822723,-0.0,57.00824906088013,1.1999999999998954,70.97780267472967,85.16231672169191,-0.0,57.40963623250096,1.1998443670053534,71.26277734389888,85.53058948705008,0.0,57.247419151784484,1.2002140903700371,100.0,106.70256754492911,0.0,35.56752251497636,1.067025675449291
0.114,71.65291823186058,85.98350187822766,-0.0,57.008249060881965,1.1999999999999296,70.97448018923504,85.15843214249456,-0.0,57.411663858263154,1.1998458025397536,71.2717350551176,85.54098560301074,0.0,57.24192681255265,1.2002091086579847,100.0,106.71189569693087,0.0,35.570631898976956,1.0671189569693087
0.1155,71.65291823185945,85.98350187822788,-0.0,57.00824906088319,1.1999999999999518,70.9712432993401,85.15507422569543,-0.0,57.413781442558374,1.1998532119062821,71.28048678648878,85.5511441182992,0.0,57.236561252944284,1.2002042631184082,100.0,106.72061159775215,0.0,35.57353719925072,1.0672061159775215
0.117,71.65291823185868,85.9835018782281,-0.0,57.008249060884026,1.1999999999999678,70.96808777400625,85.15184496169422,-0.0,57.41586054655849,1.1998610591404875,71.28903963978397,85.56107127942748,0.0,57.23131745335853,1.2001995217183257,100.0,106.72876254017541,0.0,35.57625418005847,1.067287625401754
0.11850000000000001,71.65291823185817,85.9835018782283,-0.0,57.008249060884594,1.199999999999979,70.96500983609553,85.1481662555628,-0.0,57.41771224909206,1.1998612619405735,71.29739769103124,85.57078422562154,0.0,57.226197050842615,1.2001950561568084,100.0,106.73636286070266,0.0,35.57878762023421,1.0673636286070265
0.12,71.65291823185781,85.9835018782283,-0.0,57.00824906088495,1.1999999999999849,70.96200598351403,85.14515256631256,-0.0,57.41971153859015,1.1998695835359217,71.30555816198849,85.58022950969745,0.0,57.22118500791066,1.2001901635112435,100.0,106.74341792219839,0.0,35.58113930739947,1.067434179221984
0.1215,71.6529182318576,85.9835018782283,-0.0,57.00824906088516,1.1999999999999886,70.95907292835567,85.14223371258004,-0.0,57.42167164250435,1.1998780451732296,71.31353416170802,85.58951285543111,0.0,57.21630345676901,1.2001861057867556,100.0,106.75000062567793,0.0,35.58333354189264,1.0675000062567792
0.123,71.65291823185738,85.9835018782283,-0.0,57.008249060885376,1.1999999999999922,70.9562079647341,85.13802010012444,-0.0,57.42313206864071,1.1998671087727635,71.32132857838873,85.59854256638197,0.0,57.2115189437386,1.2001815483891507,100.0,106.75611893880877,0.0,35.58537297960292,1.0675611893880876
0.1245,71.65291823185724,85.9835018782283,-0.0,57.00824906088552,1.1999999999999944,70.95340705718705,85.13685033894498,-0.0,57.425543055794606,1.1998979875670572,71.32893990647455,85.60740592922362,0.0,57.20686206993332,1.2001777405001501,100.0,106.76182053079573,0.0,35.58727351026525,1.0676182053079573
0.126,71.65291823185724,85.9835018782283,-0.0,57.00824906088552,1.1999999999999944,70.95066726004711,85.13256049398515,-0.0,57.426852904614606,1.1998838598932244,71.33638337510047,85.61602232308141,0.0,57.20229073259334,1.2001732954822766,100.0,106.7671400624412,0.0,35.58904668748039,1.067671400624412
0.1275,71.65291823185724,85.9835018782283,-0.0,57.00824906088552,1.1999999999999944,70.94798181417025,85.12822479707265,-0.0,57.428093118187306,1.1998681656659924,71.34364806482056,85.62443407632253,0.0,57.19782996062028,1.2001689904969102,100.0,106.77210647829577,0.0,35.59070215943191,1.0677210647829576
0.129,71.65291823185724,85.9835018782283,-0.0,57.00824906088552,1.1999999999999944,70.94535685216997,85.12595251629286,-0.0,57.42996065326099,1.1998805319095263,71.3507453218021,85.63268566618996,0.0,57.19348323359456,1.2001652579797768,100.0,106.77671832756693,0.0,35.5922394425223,1.0677671832756692
0.1305,71.65291823185724,85.9835018782283,-0.0,57.00824906088552,1.1999999999999944,70.94278595175989,85.12323798851057,-0.0,57.43162671107697,1.1998857508414342,71.35768419912247,85.64075627538385,0.0,57.189234559338814,1.2001616537387156,100.0,106.78103881302515,0.0,35.593679604341716,1.0678103881302514
0.132,71.65291823185724,85.9835018782283,-0.0,57.00824906088552,1.1999999999999944,70.94026724575384,85.1212667956582,-0.0,57.43348835279889,1.199900565651635,71.36446309533062,85.64861924549236,0.0,57.18507665316683,1.2001578310913734,100.0,106.78502878611677,0.0,35.59500959537226,1.0678502878611678
0.1335,71.65291823185724,85.9835018782283,-0.0,57.00824906088552,1.1999999999999944,70.93779875720291,85.11848810025504,-0.0,57.43503060954876,1.1999031488358982,71.37108652080757,85.65631170058,0.0,57.181017379385764,1.2001542343846443,100.0,106.7887572683394,0.0,35.5962524227798,1.0678875726833938
0.135,71.65291823185724,85.9835018782283,-0.0,57.00824906088552,1.1999999999999944,70.93537859723318,85.11473919037687,-0.0,57.436201132892435,1.199891237257691,71.37755750790868,85.66380818471687,0.0,57.177045220330285,1.200150455908011,100.0,106.79223326555449,0.0,35.59741108851816,1.067922332655545
0.1365,71.65291823185724,85.9835018782283,-0.0,57.00824906088552,1.1999999999999944,70.93300835280513,85.11342550088986,-0.0,57.43813348082482,1.1999128117836828,71.38387751250892,85.67114418366475,0.0,57.17317054871266,1.200146968321414,100.0,106.79545675209607,0.0,35.598485584032034,1.0679545675209607
0.138,71.65291823185724,85.9835018782283,-0.0,57.00824906088552,1.1999999999999944,70.93067946460542,85.10944330570784,-0.0,57.43913497063053,1.1998960668095342,71.39005149762413,85.67830194628951,0.0,57.16938248447238,1.2001434394418513,100.0,106.79846905737581,0.0,35.59948968579194,1.0679846905737582
0.1395,71.65291823185724,85.9835018782283,-0.0,57.00824906088552,1.1999999999999944,70.92839386272702,85.10738578481163,-0.0,57.44073473221019,1.1999057239266726,71.39608218251898,85.68530763961749,0.0,57.165687030686854,1.200140190053694,100.0,106.80127805972965,0.0,35.60042601990989,1.0680127805972965
0.14100000000000001,71.65291823185724,85.9835018782283,-0.0,57.00824906088552,1.1999999999999944,70.92614991450803,85.10511708291509,-0.0,57.44222244646366,1.1999116995000843,71.40197505242409,85.69214557430185,0.0,57.162073472343195,1.2001369081371456,100.0,106.80390623445359,0.0,35.60130207815121,1.068039062344536
0.14250000000000002,71.65291823185724,85.9835018782283,-0.0,57.00824906088552,1.1999999999999944,70.92394611687862,85.10216024590112,-0.0,57.44344063175508,1.1999072937320436,71.40773341863304,85.69883535617497,0.0,57.158545033425284,1.2001338125908478,100.0,106.80635338211967,0.0,35.602117794039884,1.0680635338211966
0.14400000000000002,71.65291823185724,85.9835018782283,-0.0,57.00824906088552,1.1999999999999944,70.92178477494502,85.09920165790612,-0.0,57.444615777690345,1.1999021447070186,71.41335747879272,85.70534799021523,0.0,57.155091851279025,1.2001304940139068,100.0,106.80863201558486,0.0,35.60287733852829,1.0680863201558486
0.1455,71.65291823185724,85.9835018782283,-0.0,57.00824906088552,1.1999999999999944,70.91965740064083,85.09711639231435,-0.0,57.44604806346395,1.1999087349164974,71.41885468935962,85.71174812237122,0.0,57.15172801809746,1.200127732307937,100.0,106.81075241574135,0.0,35.60358413858046,1.0681075241574134
0.147,71.65291823185724,85.9835018782283,-0.0,57.00824906088552,1.1999999999999944,70.91757185937546,85.09498513707838,-0.0,57.44742318631734,1.1999139692178933,71.42422570764998,85.71797961724843,0.0,57.14843416476616,1.2001247303415639,100.0,106.81272350758269,0.0,35.60424116919424,1.0681272350758269
0.1485,71.65291823185724,85.9835018782283,-0.0,57.00824906088552,1.1999999999999944,70.91552079537722,85.09185790229047,-0.0,57.4484318387196,1.199904575865956,71.42947551049502,85.72407169395518,0.0,57.14521505415671,1.2001218135972436,100.0,106.814565653069,0.0,35.604855217689675,1.06814565653069
0.15,71.65291823185724,85.9835018782283,-0.0,57.00824906088552,1.1999999999999944,70.91350864481255,85.09069264636962,-0.0,57.45005557064398,1.19992219074319,71.43460127019978,85.73000993935571,0.0,57.14206870958546,1.200118827780446,100.0,106.81627376510299,0.0,35.60542458836767,1.0681627376510299
