eps_axial,mcc_fe_q,mcc_fe_p_effective,mcc_fe_pore_pressure,mcc_fe_eps_v,mcc_fe_radial_total_stress,mcc_material_q,mcc_material_p_effective,mcc_material_pore_pressure,evp_fe_q,evp_fe_p_effective,evp_fe_pore_pressure,evp_fe_eps_v,evp_fe_radial_total_stress,evp_material_q,evp_material_p_effective,evp_material_pore_pressure,norsand_fe_q,norsand_fe_p_effective,norsand_fe_pore_pressure,norsand_fe_eps_v,norsand_fe_radial_total_stress,norsand_material_q,norsand_material_p_effective,norsand_material_pore_pressure
0.0,0.0,99.99999999999999,0.0,0.0,99.99999999999999,0.0,100.0,0.0,0.0,99.99999999999999,0.0,0.0,99.99999999999999,0.0,100.0,0.0,0.0,99.99999999999999,0.0,0.0,99.99999999999999,0.0,100.0,0.0
0.0015,61.386202036304866,100.08165454820308,20.38044832341198,4.484874991803967e-06,100.0000355261801,61.42499999999998,100.0,20.474999999999994,61.388690070332586,100.08166117541559,20.38127553745616,4.485057026640824e-06,100.00004002276088,61.424999999999855,99.99999999999994,20.47500000000001,60.262329133036104,100.07869588904522,20.008666891661836,4.403061617573286e-06,99.99991973636169,60.30000000000007,99.99999999999996,20.100000000000065
0.003,77.95683916085767,90.05792064167191,35.92774686664542,7.906178062284334e-06,100.00005445469812,77.98918520360976,89.95783839960008,36.03855666826985,78.12657236157528,90.47352136032505,35.568733643445476,7.827174430916507e-06,100.00006421657878,78.15743144756286,90.37418616983378,35.67829097935385,75.35362097872493,91.32659960979856,33.74483772017974,7.425812052419805e-06,99.95356367040333,75.44367340352765,91.35096327446131,33.796927860047916
0.0045000000000000005,81.88029131940986,83.11751060155053,44.175979842617345,9.721265405483043e-06,100.0000600043646,81.88793310441443,83.0270525384676,44.26892516300387,81.96222772722867,83.58723572558286,43.733581157859675,9.623912159558226e-06,100.00007430769965,81.97058824864745,83.49709879122359,43.82643062499223,81.542300458211,84.94902749470124,42.20079419795729,9.28661055582796e-06,99.96905487325486,81.78173415243555,85.1446529250781,42.11592512573374
0.006,83.68818511531245,78.98027083297116,48.91585264010601,1.0764311006659574e-05,100.00006176797302,83.68086381781058,78.90332527964375,48.99029599295977,83.73406501457906,79.40632373344813,48.505110075503055,1.0673923934362284e-05,100.00007880409152,83.72564153193893,79.32884944019008,48.5796977371229,84.68983394614067,80.91834124338021,47.31340604735936,1.04116802629459e-05,100.00180264202602,85.00776815261592,81.18664611920302,47.14927659833562
0.0075,84.62328235067652,76.4157080795218,51.79211509030382,1.1397254763740282e-05,100.00006238626679,84.6070256139177,76.35073724318003,51.85160462812587,84.63434602279379,76.770389005251,51.441140691095974,1.132002013765239e-05,100.00008102208238,84.61647927289528,76.7044449301126,51.50104816085249,86.26137357805986,78.32401515219767,50.367824030693505,1.1083828520464314e-05,99.93804799020457,86.50826490061083,78.68688953587504,50.149198764328574
0.009000000000000001,85.1468687768677,74.78342967558439,53.59892253497524,1.1794856690595934e-05,100.00006261827039,85.12510816227751,74.7280243299127,53.647011724179805,85.11925778535965,75.06198512685704,53.311182937445174,1.1731537370794631e-05,100.000082135849,85.0969542748523,75.0053861500976,53.36026527485316,87.05474726471839,76.68799649720297,52.2907215339454,1.1506976960933696e-05,99.96046894290892,87.30875833097066,77.11383559253849,51.989083851118394
0.0105,85.4567759505503,73.72624084991354,54.75941384246263,1.2050231761866204e-05,100.00006270885939,85.431502832521,73.67818887484505,54.79897873599529,85.3863789747601,73.93139631885127,54.530812774940124,1.199992633214679e-05,100.00008276887135,85.3602185049058,73.88198004666738,54.57142612163456,87.48948503918214,75.59369248499532,53.5123836990927,1.1775813151673059e-05,99.94291450436064,87.74372542062044,76.11199248100797,53.135915992532176
0.012,85.64748755185343,73.03359563269593,55.51562962937473,1.2216642883805875e-05,100.00006274478619,85.61990284555438,72.99109132953888,55.54887628564592,85.53051388025176,73.1702808166517,55.33997370883478,1.217798844241856e-05,100.00008323206923,85.50218238785341,73.12631553537396,55.37441192724384,87.723945492327,74.90337568512747,54.258733084579234,1.1940053095810949e-05,99.92079360559771,87.97821036470275,75.46415551138153,53.86191461018605
0.0135,85.76807311396587,72.57631832264845,56.01310214091448,1.2326115550487585e-05,100.00006275890763,85.73893026058698,72.53795105540645,56.04169236478921,85.60644561511084,72.64984732217214,55.885718173269986,1.2298083724994816e-05,100.0000836237385,85.57505720838027,72.60994172043394,55.91507734902615,87.84666324010868,74.48004340686545,54.70672942280432,1.2038638148591935e-05,99.90455174963355,88.09821074526964,75.03711714692515,54.32895310149806
0.015,85.84575941850687,72.27289570768694,56.342420196043044,1.2398584530870158e-05,100.00006276422769,85.81554784214387,72.2375871188844,56.367595495163556,85.63878990045752,72.28822878675417,56.25811853295959,1.2380033299098925e-05,100.00008401956126,85.60913186060684,72.25136382997671,56.28501345689223,87.90362246208255,74.09013146794068,55.05876100612244,1.2116105416204795e-05,99.84768498670226,88.15098094547162,74.74859420991818,54.63506610523902
0.0165,85.89645447529188,72.0708817000194,56.561332557769894,1.2446757886083043e-05,100.00006276602534,85.8655011054999,72.03781850944814,56.58401519238515,85.6465117857164,72.03256673016604,56.51635498710227,1.2436860224434437e-05,100.00008445536284,85.61382699378555,71.99791645180234,56.540025879459506,87.9172133115351,73.95336697459713,55.270162332284045,1.2162625910062952e-05,99.91779153636946,88.16360363555913,74.54742374867801,54.8404441298417
0.018000000000000002,85.92982639139957,71.93608072403264,56.70725750623035,1.2478869797542813e-05,100.00006276646313,85.89835422556959,71.90465569630904,56.72812904554749,85.63802874387139,71.84826849822008,56.69782599401206,1.2476794320474827e-05,100.00008491094168,85.60743015595611,71.81526230691485,56.72054774507052,87.91321886756403,73.81025807765121,55.464280001789156,1.220534300183651e-05,99.97013179025237,88.15208773849578,74.40163374903896,54.98239549712629
0.0195,85.9519251720666,71.8459945212682,56.80470996917395,1.2500314964351833e-05,100.00006276641994,85.92008855973067,71.81575801161713,56.824271508293094,85.62358486670321,71.71255439280917,56.82872586797326,1.2505599848295496e-05,100.0000853052147,85.58952955600923,71.68074212016224,56.84910106517417,87.89039946927849,73.656239187422,55.583449355034645,1.223156713801854e-05,99.94288871936382,88.12610112167987,74.29117326085431,55.08419377970564
0.021,85.9666175622699,71.78573011856643,56.86987183509899,1.2514654336000242e-05,100.00006276624211,85.9345243671228,71.75635157537268,56.88848988033493,85.60198258162337,71.61029669774149,56.923782978676414,1.2526517899343753e-05,100.00008548254345,85.56901485246864,71.57937568770792,56.94362926311496,87.85611240490849,73.55279368664466,55.71254948852988,1.2259976619050095e-05,99.97997237353837,88.09156470729557,74.20343272045018,55.16042218198167
0.0225,85.97641216869556,71.7453882323763,56.913478589912316,1.252425033905144e-05,100.00006276605677,85.94413820548002,71.7166262179303,56.931419850563046,85.57729709273471,71.53142756355155,56.994423331051344,1.2542062854243446e-05,100.00008519702465,85.54499482309735,71.50116852464733,57.013829749718454,87.81751855042302,73.52719576017336,55.71254948852915,1.2259976619057034e-05,99.96723906522817,88.05213592276037,74.1304676041013,55.22024437015216
0.024,85.98295354055557,71.71837057935045,56.94267670007105,1.2530675608603964e-05,100.00006276590298,85.950552260225,71.69004976701079,56.96013431973087,85.55598284092702,71.4691884172398,57.04955664735482,1.2554195366134419e-05,100.00008411761894,85.52155545205915,71.43942243197898,57.0677627187074,87.77916589402166,73.44674972236231,55.808156732091575,1.2281015731092915e-05,99.99518448978,88.01008409786542,74.06726359131953,55.26943110796894
0.025500000000000002,85.98732754986383,71.70027092014375,56.96223436226422,1.2534979423155235e-05,100.00006276578668,85.95483668083787,71.67226465711968,56.979347569826274,85.53138105417295,71.41897631716957,57.09156550496454,1.2563439739560894e-05,100.00008147074311,85.49875193572723,71.38959162610658,57.10999235246916,87.74185293836474,73.45205354219267,55.848208705199525,1.2289829476982289e-05,100.05297793460394,87.96681888417837,74.01065011848526,55.311622842907525
0.027,85.99025470507631,71.6881431434082,56.97533785732004,1.2537862948403672e-05,100.00006276570281,85.95770087656226,71.66036036972146,56.99220658913262,85.51194195116753,71.37765256996295,57.1264055523108,1.2571106560940043e-05,100.00007747188457,85.47803546583589,71.34855751150347,57.144120977108486,87.70727264594149,73.37803732686281,55.93469958557993,1.2308862462923065e-05,100.07697936379557,87.92321421486874,73.95861711563498,55.34912095598793
0.0285,85.99221467834286,71.68001575577216,56.984118569504574,1.253979521191606e-05,100.00006276582911,85.95961667521641,71.65239128063182,57.00081427777366,85.49127144252557,71.34301100620036,57.15415044324731,1.2577212038393515e-05,100.00007096860581,85.45708672329494,71.31414559778962,57.17154997664203,87.67546549390052,73.34989372324196,55.934699585579104,1.2308862462926534e-05,100.05943814418755,87.87980879211456,73.90988661370308,55.38338298366844
0.03,85.99352753142804,71.67456871925613,56.99000322367524,1.2541090175496872e-05,100.00006276578868,85.9608985647209,71.64705605147013,57.00657680343684,85.47191125231994,71.31349981095991,57.17720054146022,1.2582284390452725e-05,100.00006326831348,85.43706568466978,71.28481738026291,57.19420451462702,87.63524253359599,73.23783474943126,56.03707064926862,1.233139000580627e-05,100.06315788750122,87.83693122966469,73.8636423959726,55.41533468058229
0.0315,85.99440713006979,71.67091785153916,56.993947290911834,1.2541958097939121e-05,100.00006276576106,85.96175652052361,71.64348395100878,57.010434889165765,85.45515941756908,71.2879982859479,57.19710696330542,1.258666495226185e-05,100.00005211006363,85.42131830815273,71.25946290885192,57.214309860532325,87.5981668379844,73.305518489052,56.03707064926788,1.233139000580974e-05,100.14320019232508,87.79477819719177,73.81935893691342,55.445567128817174
0.033,85.99499655436061,71.66847076309075,56.996590854275034,1.2542539834466127e-05,100.00006276591225,85.96233082263245,71.64109222301506,57.01301805119576,85.43666096337681,71.26567860576802,57.21324346014829,1.2590215912967884e-05,100.00003507812403,85.40383621505589,71.23726656521968,57.23067883979894,87.5708542718155,73.26139274617874,56.03707064926707,1.23313900058028e-05,100.10817863817398,87.7534635938133,73.77669507846845,55.47445945280265
0.0345,85.99539157938192,71.66683049385234,56.9983627985083,1.2542929764471078e-05,100.0000627659,85.96271530196621,71.63949077940681,57.014747654581925,85.42081118123298,71.24593250939405,57.22786707854791,1.2593433953080047e-05,100.00019586086431,85.3876044729487,71.21762100009703,57.24491382421921,87.54120050595702,73.1992372938634,56.03707064926624,1.23313900058028e-05,100.0559077744773,87.71304943936815,73.73542531950584,55.50225782695021
0.036000000000000004,85.99565633632629,71.66573101065997,56.99955053400718,1.2543191134833931e-05,100.00006276589173,85.96297270673661,71.638418471826,57.01590576375287,85.40685996028438,71.22829218389386,57.24082948125278,1.2596286429862602e-05,100.00016834505185,85.37356942891414,71.20006487895036,57.257791597354355,87.50465815056893,73.11004355335406,56.1378874040227,1.2353575510992698e-05,100.07971157385379,87.67356536832433,73.69539870901805,55.52912308042339
0.0375,85.99583379293425,71.66499401081249,57.000346686051756,1.2543366334244466e-05,100.00006276588617,85.96314505658981,71.6377004587285,57.01668122680144,85.39585099522401,71.21240032867716,57.25302280530039,1.259896966496199e-05,100.00013946890289,85.36083036103169,71.18424257323782,57.26936754710607,87.46863707017603,73.17060209452596,56.13788740402194,1.2353575510999637e-05,100.15227714182255,87.63502074870414,73.65651018920278,55.55516339369861
0.039,85.99595273946532,71.66449998483452,57.00088036086966,1.254348377351111e-05,100.0000627658824,85.96326045642681,71.63721967597364,57.017200476168625,85.38308559081302,71.1979716090627,57.26316363231765,1.2601201232240178e-05,100.00010671110934,85.35020339912703,71.1698760433204,57.280191756388604,87.4457950035543,73.23119219611299,56.13788740402112,1.2353575510999637e-05,100.220481265616,87.59741251687493,73.61868402680774,55.58045347881723
0.0405,85.99603246938,71.66416882734734,57.00123809499258,1.2543562495671845e-05,100.00006276587992,85.96333772611861,71.63689774129797,57.017548167408236,85.37126406374807,71.18478681650278,57.2723696591593,1.2603227089527658e-05,100.00006845441273,85.33724566678431,71.15674474862763,57.289003806967145,87.43216214417875,73.26319607514279,56.13788740402032,1.2353575510999637e-05,100.25702943110352,87.56072990548965,73.58186426481429,55.605045703682265
0.042,85.99608591319651,71.66394684370071,57.001477893243006,1.2543615265120378e-05,100.00006276587823,85.9633894653133,71.63668217135178,57.01778098375266,85.36052746847867,71.1726675663252,57.28088051976509,1.2605099970100508e-05,100.00003892993074,85.32601054804796,71.14467184625488,57.29733166976111,87.41692182640541,73.19890404665486,56.13788740401946,1.2353575510992698e-05,100.19781750853917,87.52495757529653,73.54600678102169,55.62897907741049
0.043500000000000004,85.99612173752713,71.66379804180492,57.0016386365812,1.2543650637929227e-05,100.00006276587709,85.96342410982959,71.6365378236985,57.01793687957803,85.34804440360008,71.16146662278085,57.287919338210536,1.2606648916425878e-05,100.00003782645803,85.31732922381947,71.13351399858801,57.30559574268514,87.39783336880613,73.12980049893834,56.137887404018635,1.235357551098576e-05,100.13507678002159,87.49007760363054,73.5110753979249,55.652283803285286
0.045,85.99614575137143,71.66369829553335,57.00174638746679,1.2543674349337064e-05,100.00006276587632,85.96344730792093,71.63644116700134,57.01804126897231,85.33805315896976,71.15107022637311,57.29517214127043,1.2608244951722858e-05,100.00022464798695,85.30782809664231,71.12315313122757,57.3127895676532,87.37219172701253,73.0562459855925,56.13788740401783,1.235357551098576e-05,100.07006948060615,87.45607049593164,73.4770391791241,55.67498431951978
0.0465,85.9961618484587,71.66363143260963,57.001818616085764,1.254369024382418e-05,100.00006276587582,85.96346284151517,71.63637644459605,57.01811116924233,85.33025476210497,71.14137850455963,57.302368355090174,1.2609828534147771e-05,100.00032860561481,85.29852353742088,71.11349180144221,57.31934937769809,87.34539823287503,73.0467596439921,56.13788740401708,1.2353575510992698e-05,100.06951430371751,87.42291614074352,73.44387000685371,55.6971020400608
0.048,85.9961726387768,71.6635866123487,57.001867033119076,1.254370089836393e-05,100.0000627658755,85.96347324294327,71.63633310571804,57.01815797526305,85.3218663021223,71.13230687781318,57.308718767114954,1.2611225991346342e-05,100.00040354422072,85.28814226424724,71.10444836134835,57.32493239340073,87.31776928152001,73.05181486089236,56.13788740401622,1.2353575511013515e-05,100.08377917106858,87.39059405747757,73.41154357885715,55.718654440302046
0.0495,85.9961798718373,71.66355656794313,57.00189948854457,1.2543708040435586e-05,100.00006276587527,85.96348020784276,71.63630408548521,57.01818931712904,85.31429101370173,71.12378744702816,57.314720428587734,1.2612546703275052e-05,100.00041087104864,85.2806148290047,71.09595423758549,57.33091737208275,87.29742629707343,72.9743515330639,56.137887404015444,1.2353575510999637e-05,100.01309683805488,87.35908393349047,73.3800358891064,55.73965875539042
0.051000000000000004,85.99618472037245,71.6635364282431,57.00192124442283,1.2543712827974007e-05,100.00006276587513,85.96348487161492,71.63628465318271,57.01821030402226,85.30635682856712,71.11576056022746,57.32011748736973,1.2613734367734886e-05,100.00042577140815,85.27311038218228,71.08795087061772,57.33641925677638,87.27432246227458,73.00493995825855,56.13788740401465,1.235357551098576e-05,100.051386541515,87.32836562349411,73.34932490662122,55.760130301210154
0.0525,85.99618797049251,71.6635229279724,57.001935828066784,1.2543716037233255e-05,100.00006276587501,85.96348799453008,71.63627164107264,57.01822435710406,85.29893925513271,71.10817665804954,57.32523095417943,1.261485962558706e-05,100.00042786051807,85.26571925808122,71.08038822686812,57.34151819249229,87.2524880475588,72.97425730177632,56.13788740401394,1.2353575510992698e-05,100.02798202327065,87.29841924120969,73.31938933134755,55.78008374905568
0.054,85.99619014914788,71.66351387831743,57.00194560394014,1.2543718188477715e-05,100.00006276587494,85.96349008567105,71.63626292800151,57.01823376722217,85.29050914488631,71.10099140426611,57.32969759045511,1.2615842543375888e-05,100.00051927975912,85.25762162284259,71.07322336877743,57.34598383883676,87.2302140358325,72.92081331704672,56.1897552635444,1.2364989433896745e-05,100.03383056864695,87.26922541504747,73.29020941969131,55.79953238532451
0.0555,85.99619160956816,71.66350781204918,57.00195215701511,1.2543719630532524e-05,100.0000627658749,85.96349148592442,71.63625709361992,57.018240068354885,85.6025495127383,71.18975423647626,57.34494555304287,1.2619197975259622e-05,100.00051661860635,85.25989205496357,71.06659775964549,57.353366258675706,87.20788534661777,72.89776235524015,56.1897552635436,1.2364989433903684e-05,100.01822250324449,87.24076514889138,73.2617653247238,55.81848972490667
0.057,85.99619258853342,71.66350374563858,57.001956549747426,1.2543720597203711e-05,100.00006276587486,85.96349242355126,71.63625318684461,57.01824428767247,85.37530850702733,71.17948463433363,57.27945577750329,1.2604786444568583e-05,100.00050424282782,85.25059282213704,71.06011650097149,57.35674777307419,87.18501489172208,72.87358763481849,56.18975526354288,1.2364989433903684e-05,100.00167126778734,87.21301989333482,73.23403846838022,55.83696816273138
0.0585,85.99619324476446,71.66350101979538,57.001959494334294,1.2543721245164563e-05,100.00006276587484,85.96349305139783,71.63625057081863,57.018247112980646,85.36255087480373,71.16777506948411,57.28688477318889,1.2606421252427114e-05,100.00047621773842,85.24528881155706,71.05393446420395,57.36116180631507,87.16020928643886,72.79639071616877,56.18975526354214,1.2364989433896745e-05,99.93274288423129,87.18597163221337,73.20700992050365,55.85498062356747
0.06,85.99619368465676,71.66349919257672,57.001961468183694,1.2543721679539321e-05,100.00006276587483,85.96349347181174,71.63624881909462,57.01824900484263,85.35200985568284,71.15693371681807,57.29423622904538,1.2608038997059812e-05,100.00049999396917,85.2385087877333,71.04802812669998,57.364808135877794,87.12921217841279,72.74439896628304,56.18975526354129,1.2364989433910623e-05,99.89108350368673,87.15960262990579,73.18066177261186,55.8725391040234
0.0615,85.9961939795304,71.66349796773439,57.0019627913172,1.2543721970716126e-05,100.00006276587479,85.9634937533262,71.63624764611808,57.01825027165732,85.34193422824903,71.1468496875969,57.30098672281487,1.2609524495325874e-05,100.00052500099542,85.23268326376,71.0423748566623,57.368519564591026,87.10070572954726,72.74882004755308,56.18975526354054,1.2364989433917561e-05,99.90500673457787,87.13389569213908,73.15497688017591,55.88965501720378
0.063,85.99619417719354,71.66349714668395,57.001963678255336,1.2543722165900273e-05,100.00006276587479,85.96349394183183,71.63624686067814,57.01825111993247,85.33556816664431,71.13743477899293,57.308145287237714,1.2611099792683711e-05,100.0003906773492,85.22698216954596,71.03695499970199,57.372039056813335,87.07160122609326,72.74184794175336,56.18975526353975,1.23649894339245e-05,99.90773612992871,87.10883404602086,73.1299383290518,55.90633968628849
0.0645,85.99619430969337,71.66349659630792,57.001964272798,1.25437222967123e-05,100.0000627658748,85.96349406805759,71.63624633473763,57.01825168794822,85.3249905043883,71.12860830213997,57.314120441193936,1.2612414671445138e-05,100.00106524187112,85.22201770570094,71.03175100646394,57.375588228769715,87.0519605005759,72.73985420601248,56.18975526353897,1.2364989433910623e-05,99.91228930269281,87.08440133326413,73.1055295857305,55.92260419202421
0.066,85.99619439851212,71.66349622737347,57.0019646713387,1.2543722384447675e-05,100.0000627658748,85.96349415257993,71.63624598256119,57.01825206829878,85.31703579493966,71.12030723385433,57.31974690036734,1.2613652817239362e-05,100.00104220257512,85.21662099036557,71.0267472630999,57.378793067021945,87.03159420503476,72.74030112620518,56.189755263538196,1.2364989433910623e-05,99.91952498806512,87.06058171351704,73.08173486410551,55.93845904040016
0.0675,85.99619445805011,71.66349598006506,57.00196493849311,1.2543722443220107e-05,100.0000627658748,85.96349420917717,71.6362457467394,57.018252322986314,85.30929120186516,71.11247674932537,57.324950729344714,1.2614797959970003e-05,100.00099707804836,85.21256041866447,71.02192980852975,57.38225699769174,87.01414911021733,72.69483957191,56.2814660252379,1.23851710950168e-05,99.97158922707546,87.03735959859442,73.05853827305431,55.95391492647717
0.069,85.99619449796035,71.66349581428643,57.00196511757515,1.2543722482633024e-05,100.00006276587482,85.96349424707539,71.63624558883016,57.018252493528294,85.30245463098537,71.10507082322249,57.32978970114303,1.2615862813092349e-05,100.00070898070373,85.20652673653568,71.01728632743531,57.384889251409916,86.99308909107565,72.63321779140792,56.28146602523714,1.2385171095044556e-05,99.91698745295317,87.0147199468361,73.03592451906795,55.96898212987742
0.07050000000000001,85.9961945247134,71.66349570315977,57.001965237619494,1.2543722509042454e-05,100.0000627658748,85.96349427245252,71.63624548309214,57.01825260772537,85.29416438064722,71.09804740833528,57.33420605594982,1.2616834666051568e-05,100.00086533740269,85.20130330824237,71.01280627814762,57.387628157933165,86.9705301868437,72.6560061417496,56.2814660252364,1.2385171095030678e-05,99.9472954380381,86.9926479314154,73.01387885647496,55.98367045399684
0.07200000000000001,85.99619454264689,71.66349562866809,57.001965318088985,1.254372252676439e-05,100.00006276587479,85.96349428944538,71.6362454122886,57.018252684193186,85.28848920128942,71.09137388602817,57.339066780562966,1.2617904306011507e-05,100.00094426616133,85.19685108532967,71.0084756726044,57.39047468917215,86.94697924552766,72.57142573967353,56.2814660252356,1.23851710950168e-05,99.87056534973324,86.97112926719036,72.99238709180396,55.99798933059283
0.0735,85.99619455466824,71.66349557873394,57.001965372030256,1.2543722538643776e-05,100.00006276587479,85.96349430082401,71.63624536487767,57.018252735397,85.28117188975628,71.085014295277,57.343004627555324,1.261877085965979e-05,100.00096162624689,85.19188437294946,71.004285252833,57.39300953815015,86.92045382365886,72.55320160345657,56.28146602523481,1.2385171095044556e-05,99.8611830208051,86.95014992109466,72.97143516319039,56.01194814384117
0.075,85.9961945627265,71.66349554526151,57.00196540818876,1.2543722546595748e-05,100.00006276587476,85.9634943084433,71.6362453331307,57.01825276968373,85.27566736601172,71.07894544599219,57.347028463261985,1.2619656335768892e-05,100.00075145391693,85.18899222332499,71.00021986556885,57.39611087553948,86.89211668323723,72.46269265298017,56.28146602523403,1.2385171095044556e-05,99.78011978380178,86.92969636867424,72.951009319936,56.02555613628874
0.0765,85.99619456812823,71.6634955228239,57.001965432426985,1.254372255191094e-05,100.00006276587479,85.96349431354527,71.63624531187254,57.01825279264254,85.27026558946501,71.07314254112914,57.35084745177226,1.2620496733659059e-05,100.0005681297464,85.18375412355014,70.99628617696746,57.398298530882585,86.86441076495575,72.47753115661475,56.281466025233165,1.23851710950168e-05,99.80419359352932,86.90975526004479,72.93109603484739,56.03882238516755
0.078,85.9961945717492,71.66349550778322,57.001965448674596,1.2543722555477532e-05,100.00006276587476,85.96349431696162,71.6362452976378,57.01825280801607,85.26307528100088,71.06758313440598,57.354004276752825,1.262119141737239e-05,100.00056231749184,85.17914929079015,70.99247058940195,57.400579174194775,86.83770243828768,72.40103187809,56.28146602523228,1.23851710950168e-05,99.73659709055971,86.8903136471846,72.91168234691627,56.051755535478605
0.0795,85.99619457417641,71.66349549770099,57.001965459565916,1.2543722557906145e-05,100.00006276587477,85.96349431924926,71.63624528810605,57.01825281831037,85.25793304201035,71.06225091159958,57.35745636809366,1.2621951076735582e-05,100.00039626568977,85.17554130380711,70.98876646199218,57.40308063927685,86.81053697990903,72.4380630070188,56.28146602523147,1.2385171095030678e-05,99.78268337228059,86.87135896893525,72.89275616715797,56.06436348915378
0.081,85.99619457580347,71.66349549094254,57.00196546686671,1.254372255950209e-05,100.00006276587476,85.96349432078112,71.63624528172345,57.01825282520359,85.2523799687727,71.05712822405441,57.36069375412011,1.2622663488517927e-05,100.00036198858362,85.17136708151538,70.98516786728383,57.40528782655463,86.78879390105422,72.42608842698503,56.28146602523072,1.23851710950168e-05,99.77795648519768,86.85287894914357,72.87430461320692,56.0766550365076
0.0825,85.99619457689411,71.66349548641215,57.001965471760656,1.2543722560598436e-05,100.00006276587476,85.96349432180685,71.63624527744958,57.018252829819374,85.24687531781274,71.05220009839576,57.36384575519221,1.2623357110719269e-05,100.0004207476504,85.16693699330737,70.98166921121305,57.407309786556084,86.76172353219697,72.38433786327903,56.281466025229925,1.2385171095044556e-05,99.74522937777662,86.83486164750707,72.85631573526057,56.088638147241795
0.084,85.99619457762516,71.66349548337526,57.0019654750412,1.2543722561292325e-05,100.00006276587473,85.96349432249372,71.63624527458775,57.01825283291015,85.24278567752881,71.04745501621498,57.36757995983043,1.2624178851242118e-05,100.0007730835358,85.16311830767769,70.9782651155095,57.409440987049734,86.73971911244669,72.3775129134424,56.28146602522919,1.2385171095002923e-05,99.7457392345227,86.81729537356958,72.83877789269552,56.10032056516101
0.0855,85.99619457811527,71.66349548133958,57.00196547724026,1.2543722561778048e-05,100.00006276587476,85.96349432295364,71.63624527267142,57.01825283497979,85.23710826896298,71.042875921859,57.369965048635294,1.2624703708455365e-05,100.00047154750663,85.1525867523803,70.97495078934077,57.409244794786005,86.72420481443679,72.3777269213141,56.28146602522849,1.23851710950168e-05,99.75112467506366,86.80016872386201,72.82167959018464,56.11170998443603
0.08700000000000001,85.99619457844378,71.66349547997498,57.00196547871436,1.254372256213887e-05,100.00006276587474,85.96349432326161,71.6362452713882,57.01825283636566,85.23230628307907,71.03845649207389,57.37280583133028,1.262532884462042e-05,100.00049356237781,85.70509386797094,71.11284137561493,57.45552324704205,86.70623468297542,72.37785651416708,56.28146602522776,1.2385171095044556e-05,99.75724431173636,86.78347067698178,72.80500996301465,56.12281359597927
0.0885,85.99619457866402,71.66349547906026,57.001965479702505,1.254372256233316e-05,100.00006276587476,85.96349432346783,71.63624527052896,57.018252837293645,85.2283355510942,71.03418291617969,57.375685540128615,1.2625962546794489e-05,100.00042327261023,85.34770777083699,71.16033094002007,57.28890498359226,86.69270155799504,72.37320605986936,56.28146602522699,1.2385171095030678e-05,99.75710489909801,86.76719037723166,72.78875753525068,56.13363925715987
0.09,85.99619457881165,71.66349547844709,57.001965480364895,1.254372256251357e-05,100.00006276587476,85.96349432360596,71.6362452699536,57.01825283791504,85.22371217096399,71.03004527417337,57.378218734061974,1.2626519995687091e-05,100.00035995124736,85.33674255620393,71.14797779627729,57.29760305579069,86.67560548196651,72.30822100603822,56.281466025226145,1.2385171095030678e-05,99.69781853727554,86.75131731498071,72.7729126730017,56.14419309865853
0.0915,85.99619457891055,71.66349547803604,57.00196548080888,1.2543722562596837e-05,100.00006276587473,85.96349432369844,71.63624526956833,57.01825283833115,85.22020355602398,71.02603418905584,57.38097582309294,1.2627126714404024e-05,100.00027549347412,85.3259355459283,71.13657668226024,57.30540183304919,86.65922559102654,72.34323704821612,56.28146602522527,1.2385171095030678e-05,99.73829454309922,86.73584130608043,72.75746471725344,56.154482384773374
0.093,85.9961945789769,71.66349547776053,57.00196548110651,1.2543722562666226e-05,100.00006276587473,85.9634943237604,71.63624526931038,57.018252838609754,85.216007898068,71.02214767637085,57.383369467724634,1.2627653454388987e-05,100.00018117807281,85.31878746492592,71.12600355747824,57.31359226416373,86.64646623640212,72.3134527782753,56.28146602522456,1.23851710950168e-05,99.71276339136583,86.7207523379933,72.74240330850161,56.164514137496155
0.0945,85.99619457902135,71.66349547757584,57.001965481306044,1.2543722562693982e-05,100.00006276587476,85.96349432380184,71.6362452691376,57.01825283879634,85.21000253528076,71.01837508444316,57.385141275327086,1.2628043354320773e-05,100.00018218134333,85.30666221881587,71.1161552231125,57.31939884982613,86.63268820121141,72.29640662598536,56.28146602522392,1.2385171095030678e-05,99.70030991747214,86.70604059645666,72.72771916481256,56.17429436733967
0.096,85.99619457905115,71.663495477452,57.001965481439775,1.2543722562721737e-05,100.00006276587473,85.96349432382958,71.63624526902191,57.018252838921285,85.20601235353185,71.01471335883164,57.38746618647661,1.262855496898807e-05,100.00017542746431,85.2984719014321,71.10694667678247,57.32587729036156,86.61741335613941,72.2330720338812,56.35602230401982,1.2401577779763695e-05,99.71662321918788,86.69169669275303,72.71340283685129,56.18382939406639
0.0975,85.99619457907112,71.66349547736903,57.001965481529425,1.2543722562749493e-05,100.00006276587474,85.96349432384817,71.63624526894448,57.018252839004916,85.20276320732701,71.01115531384217,57.38989052398812,1.2629088463153582e-05,100.00012476872129,85.29273060877314,71.09830582473721,57.33260437818717,86.60200211346434,72.2914371611824,56.356022304019056,1.2401577779722062e-05,99.78012542738,86.67771135763796,72.69944493841278,56.1931255141332
0.099,85.99619457908449,71.66349547731339,57.00196548158954,1.2543722562791126e-05,100.00006276587476,85.96349432386069,71.63624526889261,57.01825283906095,85.19822522094783,71.00769383915377,57.39184391670663,1.2629518322315736e-05,100.00012934887779,85.28197139437918,71.09017067297056,57.33715312515584,86.59561348083976,72.30736765372824,56.356022304018175,1.2401577779749817e-05,99.79818546413316,86.66407564793049,72.68583623420545,56.20218898177137
0.1005,85.99619457909351,71.6634954772761,57.001965481629824,1.2543722562818882e-05,100.00006276587476,85.96349432386903,71.63624526885788,57.018252839098466,85.18907759854223,71.0043206617289,57.392170519059576,1.2629590193713458e-05,100.0001319812744,85.27334873723684,71.08249051334587,57.34195906573308,86.58954093532732,72.28417174996743,56.35602230401729,1.2401577779777573e-05,99.77701374220894,86.65078070599706,72.67256820246712,56.21102536619857
0.10200000000000001,85.99619457909955,71.6634954772511,57.001965481656825,1.2543722562791126e-05,100.00006276587474,85.96349432387458,71.63624526883463,57.01825283912356,85.73655375882913,71.14115928509419,57.43782357268084,1.2639636500583196e-05,100.00013160483198,85.26710390574841,71.07522003103075,57.34714793755205,86.57762631710992,72.25545391140035,56.39417920542293,1.2409974500457444e-05,99.79042434445331,86.63781797876145,72.65963182454632,56.21964083504082
0.10350000000000001,85.99619457910356,71.66349547723433,57.00196548167494,1.254372256283276e-05,100.00006276587476,85.96349432387827,71.63624526881905,57.018252839140374,85.37998342669216,71.18732177075232,57.27278722000414,1.2603318977122413e-05,100.00011451519241,85.25906363320127,71.06831945773892,57.35136841999483,86.56733438725745,72.22555664948173,56.36511862103076,1.240357949458537e-05,99.73489714142667,86.62517910309722,72.64701906280838,56.22804063822403
0.105,85.99619457910626,71.6634954772231,57.00196548168709,1.2543722562791126e-05,100.00006276587476,85.9634943238807,71.63624526880862,57.018252839151614,85.37279966257107,71.17500895923081,57.28272754753439,1.260550642290248e-05,100.00013661924152,85.2532232523564,71.06175605549262,57.35598502862618,86.5530656118855,72.24637610202495,56.36511862102999,1.240357949452986e-05,99.76047285242646,86.61285601144495,72.63472208135124,56.236229922463735
0.1065,85.99619457910806,71.66349547721556,57.00196548169522,1.2543722562805004e-05,100.00006276587476,85.96349432388233,71.6362452688016,57.018252839159175,85.35860975061968,71.1636351614595,57.28940279943184,1.260697536363542e-05,100.00016804401811,85.2461490763169,71.05549921426547,57.3598838111735,86.54855946442339,72.31979765298054,56.36511862102924,1.2403579494571493e-05,99.83539645253532,86.60084075362742,72.62273235032922,56.24421456754659
0.108,85.99619457910933,71.66349547721052,57.00196548170068,1.2543722562777249e-05,100.00006276587476,85.96349432388348,71.63624526879696,57.018252839164205,85.34880736370745,71.1530886069087,57.29670963914376,1.2608583290107944e-05,100.00019579148332,85.240331619483,71.0495241511544,57.3639197220066,86.54725246237729,72.2762981641058,56.36511862102849,1.2403579494502104e-05,99.79233263100852,86.58912555988303,72.61104241018435,56.251999443109995
0.1095,85.99619457911012,71.66349547720714,57.00196548170431,1.254372256276337e-05,100.00006276587473,85.96349432388422,71.63624526879381,57.01825283916759,85.33942766125382,71.14326345418708,57.303456806052345,1.2610068056292945e-05,100.00024437315483,85.23609013824996,71.04380781522804,57.36822223085528,86.5433357693632,72.28923734341305,56.36511862102768,1.240357949452986e-05,99.806577374653,86.57770293561573,72.59964466419068,56.25958964768124
0.111,85.99619457911064,71.66349547720483,57.00196548170678,1.2543722562791126e-05,100.00006276587474,85.96349432388472,71.63624526879171,57.01825283916986,85.33021556372775,71.13407471938504,57.30960826749312,1.2611421732866557e-05,100.00027779896891,85.22907910349069,71.03832968158353,57.37136335291336,86.54038204439131,72.20958729557167,56.36511862102688,1.2403579494543737e-05,99.72791190180145,86.56656554758459,72.58853186787235,56.26698998132251
0.1125,85.99619457911102,71.66349547720334,57.001965481708446,1.2543722562818882e-05,100.00006276587477,85.96349432388504,71.63624526879032,57.01825283917137,85.32159849479275,71.1254512258498,57.31536545204062,1.2612688645802228e-05,100.00028384629283,85.22324983069322,71.03307133623333,57.37467860733108,86.5274164384199,72.18411658195093,56.365118621026156,1.240357949458537e-05,99.7067630568371,86.55570627249918,72.57769691538621,56.27420517544685
0.114,85.99619457911123,71.66349547720229,57.00196548170953,1.2543722562818882e-05,100.00006276587476,85.96349432388529,71.63624526878938,57.018252839172376,85.31489216992804,71.11733272037482,57.321201254402766,1.2613972859135125e-05,100.00023658480157,85.21787337977418,71.02801753967081,57.37794025358724,86.51595077737062,72.20965933777109,56.36511862102525,1.2403579494557615e-05,99.73612769967279,86.54511807043819,72.56713254824881,56.28124014189726
0.1155,85.99619457911142,71.66349547720161,57.001965481710265,1.2543722562791126e-05,100.00006276587474,85.96349432388539,71.63624526878876,57.018252839173044,85.30809310376007,71.10966677549035,57.32658757583333,1.2615158160755868e-05,100.00022331673699,85.21313500693837,71.0231534423599,57.38122489328623,86.50665958309477,72.1915125630877,56.41709898006405,1.2415018173839165e-05,99.77305834878683,86.53479417502051,72.5568322799302,56.28809911174329
0.117,85.9961945791115,71.66349547720115,57.00196548171075,1.2543722562818882e-05,100.00006276587473,85.96349432388556,71.63624526878836,57.0182528391735,85.29898263587762,71.10240615858697,57.3308360173998,1.2616093063133604e-05,100.00024796402755,85.20747810886529,71.01846628924498,57.38402641371012,86.49999138865819,72.25633331190231,56.417098980063244,1.241501817386692e-05,99.84010182907949,86.52472797613949,72.54678939369349,56.294786598353014
0.11850000000000001,85.99619457911156,71.66349547720087,57.001965481711075,1.2543722562791126e-05,100.00006276587476,85.96349432388557,71.63624526878804,57.01825283917381,85.29160793677123,71.09551625367146,57.33528068135652,1.2617071145720749e-05,100.00026095610424,85.20316085397262,71.01394531585525,57.387108302135616,86.50707910929275,72.31888667427165,56.41709898006247,1.2415018173839165e-05,99.9002926179032,86.5149130400041,72.53699723249359,56.30130711417445
0.12,85.9961945791115,71.66349547720061,57.001965481711295,1.2543722562791126e-05,100.00006276587473,85.96349432388557,71.63624526878785,57.01825283917401,85.28575550503636,71.08896330640088,57.33973957972329,1.2618052360760523e-05,100.00011771777872,85.19773415574429,71.00957722025085,57.38966749833058,86.51167337721313,72.27462968012328,56.417098980061766,1.2415018173839165e-05,99.85450420111403,86.50534300556214,72.52745006337967,56.30766427180771
0.1215,85.99619457911157,71.66349547720047,57.00196548171146,1.2543722562791126e-05,100.00006276587474,85.96349432388571,71.63624526878773,57.01825283917417,85.27838891261993,71.08271500955858,57.34370331727879,1.2618924611795812e-05,100.00028868929739,85.19214935175103,71.00534152511314,57.392041592137204,86.51394615332114,72.30551827294705,56.4170989800609,1.2415018173825287e-05,99.88463520190092,86.49601182497373,72.51814083323916,56.31386310841876
0.123,85.99619457911172,71.66349547720039,57.00196548171158,1.254372256276337e-05,100.00006276587473,85.96349432388585,71.63624526878765,57.01825283917431,85.27340409635318,71.07674909065882,57.34794012679635,1.261985695445722e-05,100.00022118533745,85.18833744445334,71.00124096364698,57.39487151783747,86.51377434370708,72.28819345083348,56.41709898006005,1.2415018173839165e-05,99.86736764965784,86.48691343646479,72.50906429912051,56.31990684636776
0.1245,85.99619457911179,71.66349547720034,57.00196548171164,1.2543722562818882e-05,100.00006276587473,85.96349432388593,71.63624526878759,57.01825283917438,85.26832469386247,71.07104151182448,57.35219699225352,1.2620793710588218e-05,100.00046360612383,85.18407721678209,70.9972759733413,57.397416432252726,86.51205260421209,72.24666931303669,56.417098980059144,1.2415018173880799e-05,99.82641742502514,86.47804206955625,72.50021449087157,56.32579953231385
0.126,85.99619457911186,71.6634954772003,57.00196548171172,1.2543722562818882e-05,100.00006276587473,85.96349432388601,71.63624526878753,57.018252839174465,85.26157718861415,71.06556934530919,57.3555897282653,1.2621540308316304e-05,100.00063334403643,85.17984881275203,70.99343092822254,57.39985200936147,86.51366799104144,72.27998487186382,56.4170989800584,1.241501817386692e-05,99.85919452157506,86.46939199339921,72.49158557140335,56.331545093063056
0.1275,85.99619457911193,71.66349547720024,57.00196548171181,1.2543722562818882e-05,100.00006276587473,85.96349432388608,71.6362452687875,57.01825283917452,85.25498629414335,71.06031727470739,57.358992236151494,1.2622289056435365e-05,100.00098074614442,85.17740545776084,70.98969911140567,57.402769374514605,86.51153038901613,72.28837285099434,56.417098980057595,1.2415018173894676e-05,99.86829503471321,86.46095770869343,72.48317230324444,56.3371469329867
0.129,85.996194579112,71.66349547720019,57.00196548171187,1.2543722562791126e-05,100.00006276587473,85.96349432388614,71.63624526878746,57.01825283917458,85.25047249910088,71.0552707274067,57.362843589436906,1.2623136576433991e-05,100.00129015047665,85.17236117698299,70.98607434838242,57.40471271061192,86.51440446870306,72.27432028069893,56.485758492571605,1.24301272296512e-05,99.92194395036952,86.45273385012044,72.47496872270882,56.34260922733132
0.1305,85.996194579112,71.66349547720019,57.00196548171187,1.2543722562846638e-05,100.00006276587473,85.96349432388614,71.63624526878746,57.01825283917458,85.24616542121889,71.05041294181194,57.36644164576146,1.2623928356575442e-05,100.00146611383377,85.16805026212455,70.98255081464141,57.40679927273344,86.51114132367145,72.25286277534804,56.48575849257076,1.2430127229678956e-05,99.90157416002832,86.44471506769013,72.46697000934996,56.347935013213416
0.132,85.996194579112,71.66349547720019,57.00196548171187,1.2543722562818882e-05,100.00006276587473,85.96349432388614,71.63624526878746,57.01825283917458,85.24040286132664,71.04572902850613,57.369012406368256,1.2624494072271952e-05,100.00127381443217,85.16461636950532,70.97912328521886,57.40908217128292,86.50437493780804,72.19675035005757,56.485758492570014,1.2430127229623444e-05,99.84771719669158,86.43689627483458,72.45917078001672,56.35312797826147
0.1335,85.996194579112,71.66349547720019,57.00196548171187,1.2543722562818882e-05,100.00006276587473,85.96349432388614,71.63624526878746,57.01825283917458,85.23571690003821,71.04121278274391,57.372094850912426,1.2625172387953354e-05,100.00140200031026,85.16040091175181,70.97578671989685,57.411013584020424,86.49361124862057,72.13501279258985,56.48575849256923,1.24301272296512e-05,99.78956753561889,86.4292724352289,72.45156630522929,56.358191173180344
0.135,85.996194579112,71.66349547720019,57.00196548171187,1.2543722562846638e-05,100.00006276587473,85.96349432388614,71.63624526878746,57.01825283917458,85.23075811171107,71.03684850668425,57.374836349471096,1.2625775675928486e-05,100.00143215225167,85.14986530304336,70.97253655059227,57.41075188375552,86.4761366321953,72.10479542938447,56.48575849256853,1.2430127229678956e-05,99.76517504455455,86.42183869693122,72.44415163261907,56.36312793302467
0.1365,85.996194579112,71.66349547720019,57.00196548171187,1.2543722562818882e-05,100.00006276587473,85.96349432388614,71.63624526878746,57.01825283917458,85.22624698973142,71.0326265231654,57.37760103768806,1.2626384066849461e-05,100.00147856427633,85.70854714329002,71.11149133328125,57.45802438114876,86.46290402142245,72.08629068102567,56.485758492567676,1.24301272296512e-05,99.75108116645254,86.41459033734941,72.43692175158573,56.36794169419741
0.138,85.996194579112,71.66349547720019,57.00196548171187,1.2543722562818882e-05,100.00006276587473,85.96349432388614,71.63624526878746,57.01825283917458,85.22285651393122,71.02853088124908,57.380865804328714,1.2627102504020327e-05,100.00177784760072,85.34874289779425,71.16051902213864,57.289061943792774,86.44985745335832,72.09890433070044,56.48575849256689,1.2430127229678956e-05,99.76804367214788,86.40752265656072,72.42987231148759,56.372635240699324
0.1395,85.996194579112,71.66349547720019,57.00196548171187,1.2543722562818882e-05,100.00006276587473,85.96349432388614,71.63624526878746,57.01825283917458,85.21741841387852,71.02456788134963,57.38304966251403,1.2627583078878013e-05,100.00181140590415,85.3373977027265,71.14815100639719,57.29764822784499,86.4381724854307,72.10881052966255,56.48575849256601,1.2430127229678956e-05,99.78184486041833,86.40063121623761,72.42299913849259,56.37721126691996
0.14100000000000001,85.996194579112,71.66349547720019,57.00196548171187,1.2543722562791126e-05,100.00006276587473,85.96349432388614,71.63624526878746,57.01825283917458,85.21289668089463,71.02072513235849,57.38541303206291,1.2628103156553383e-05,100.00183927078984,85.32756008957658,71.13673709133224,57.30578293852662,86.42735778762857,72.05590539016244,56.48575849256506,1.2430127229623444e-05,99.73254462018465,86.39391158942792,72.41629733108546,56.381673198723846
0.14250000000000002,85.996194579112,71.66349547720019,57.00196548171187,1.2543722562818882e-05,100.00006276587473,85.96349432388614,71.63624526878746,57.01825283917458,85.20928215714208,71.01699601696764,57.387882871859844,1.2628646663848109e-05,100.00178483644677,85.31741504647695,71.12615251762242,57.312985831203235,86.41858824752626,72.0622600389974,56.485758492564386,1.24301272296512e-05,99.74182244905302,86.38735949399559,72.40976252166274,56.38602397633579
0.14400000000000002,85.996194579112,71.66349547720019,57.00196548171187,1.254372256276337e-05,100.00006276587473,85.96349432388614,71.63624526878746,57.01825283917458,85.204818093621,71.01337304167168,57.39004693197787,1.2629122881968602e-05,100.00181394244257,85.3083222749211,71.11629429551597,57.31981312945773,86.40556960513662,72.04378100372493,56.48575849256366,1.2430127229623444e-05,99.72768296124306,86.38097068047213,72.40339055865239,56.390266334838316
0.1455,85.996194579112,71.66349547720019,57.00196548171187,1.2543722562818882e-05,100.00006276587473,85.96349432388614,71.63624526878746,57.01825283917458,85.20068797025924,71.00985137114164,57.3922068619564,1.2629598191288283e-05,100.0018289096783,85.29948375594357,71.10707688224083,57.32608436974036,86.39430466300081,72.029073350594,56.48575849256277,1.2430127229623444e-05,99.71673028882319,86.37474108733126,72.3971776107043,56.39440275173945
0.147,85.996194579112,71.66349547720019,57.00196548171187,1.2543722562818882e-05,100.00006276587473,85.96349432388614,71.63624526878746,57.01825283917458,85.19683851242034,71.00644367832138,57.39445642648976,1.263009322532982e-05,100.00195393400435,85.29002529335538,71.0984280857872,57.33158034533126,86.38945589309283,72.1075033784628,56.48575849256197,1.2430127229623444e-05,99.79677657332715,86.36866676009393,72.39111940079482,56.39843618590315
0.1485,85.996194579112,71.66349547720019,57.00196548171187,1.2543722562818882e-05,100.00006276587473,85.96349432388614,71.63624526878746,57.01825283917458,85.19450198699039,71.00310952392748,57.39692934076181,1.2630637409222212e-05,100.00187153569249,85.28230700963634,71.09028591729317,57.3371497525856,86.38455086610288,72.16138431914395,56.48575849256116,1.24301272296512e-05,99.85229252300415,86.36274380131988,72.38521256213701,56.40236870496962
0.15,85.996194579112,71.66349547720019,57.00196548171187,1.2543722562818882e-05,100.00006276587473,85.96349432388614,71.63624526878746,57.01825283917458,85.1820739213631,70.99985233692104,57.396059009112555,1.2630445886008257e-05,100.00188670557924,85.27357934944565,71.08259880969361,57.34192764012161,86.38536528911808,72.0917327174673,56.55402262782111,1.2445149279616263e-05,99.85063358224905,86.35696845597879,72.37945290645025,56.40620324554267
